ctrlCol,lotNumber,itemCode,itemName,deliveryLeadtimeId,itemOption1,itemOption2,itemOption3
u,342523817,cc-set171,退職 お礼 お菓子 メッセージクッキー どうぶつたちのお礼セット(30枚入) お祝い プチギフト お,NULL,NULL,NULL,
u,342524264,cc-set100,産休 お菓子 あいさつ 動物メッセージクッキー30枚セット(箱入り)お礼 ギフト スイーツ工房フ,NULL,NULL,NULL,
u,342526520,cc-set170,退職 お菓子 メッセージクッキー どうぶつたちのお礼セット(15枚入) お祝い プチギフト ショー,NULL,NULL,NULL,
u,342526685,cc-set177,退職 お礼 ねこメッセージクッキー30枚セット(箱入り)転勤 ギフト・ショークッキー　個包装　個別包装,NULL,NULL,NULL,
u,345429978,cc-set102, 産休 お菓子 職場 あいさつに…Babyメッセージクッキー15枚セット(箱入り)お礼 ギフト　個別包装,NULL,NULL,NULL,
u,345429960,cc-set103, 産休 お菓子 職場 あいさつに…Babyメッセージクッキー30枚セット(箱入り)お礼・ギフト　個別包装,NULL,NULL,NULL,
u,345429983,cc-set108, 転勤 退職 お菓子 あいさつに 同僚 後輩へ メッセージクッキー15枚セット(箱入り)ギフト お礼個別包装,NULL,NULL,NULL,
u,345429982,cc-set109,退職 お菓子 お礼 同僚 後輩へメッセージクッキー30枚セット(箱入り) ギフト お世話になりました　個別包装,NULL,NULL,NULL,
u,345429962,cc-set11,両親に送るメッセージクッキー15枚セット(箱入り)お礼・プチギフト個別包装,NULL,NULL,NULL,
u,345429985,cc-set111, [内祝いセット・ピンク]出産内祝いに送るメッセージクッキーお得な15枚セット(箱入り)お礼・個別包装,NULL,NULL,NULL,
u,345429984,cc-set112, [内祝いセット・ピンク]出産内祝いに送るメッセージクッキーお得な30枚セット(箱入り)お礼・個別包装,NULL,NULL,NULL,
u,345429987,cc-set114, [内祝いセット・水色]出産内祝いに送るメッセージクッキーお得な15枚セット(箱入り)お礼　個別包装,NULL,NULL,NULL,
u,345429988,cc-set115, [内祝いセット・水色]出産内祝いに送るメッセージクッキーお得な30枚セット(箱入り)お礼個別包装,NULL,NULL,NULL,
u,345429993,cc-set118,結婚内祝いに送るメッセージクッキー 15枚セット(箱入り)お祝い・ギフト・お返し個別包装,NULL,NULL,NULL,
u,345429992,cc-set119,結婚内祝いに送るメッセージクッキー 30枚セット(箱入り)お祝い・ギフト・お返し個別包装,NULL,NULL,NULL,
u,345429995,cc-set12,結婚内祝いに送るメッセージクッキー 30枚セット(箱入り)お祝い・ギフト・お返し個別包装,NULL,NULL,NULL,
u,345429994,cc-set121,Girl&Boyセット メッセージクッキー 15枚セット(箱入り)お祝い・ギフト・お返し個別包装,NULL,NULL,NULL,
u,345429996,cc-set122,Girl&Boyセット メッセージクッキー 30枚セット(箱入り)お祝い・ギフト・お返し個別包装,NULL,NULL,NULL,
u,345429998,cc-set124,和風お祝い お菓子 メッセージクッキーお得な15枚セット(箱入り)お礼・プチギフト　個別包装,NULL,NULL,NULL,
u,345430324,cc-set125,和風お祝い お菓子 メッセージクッキーお得な30枚セット(箱入り)お礼 プチギフト　個別包装,NULL,NULL,NULL,
u,345429999,cc-set127,どうぶつ お祝い お菓子 メッセージクッキーお得な15枚セット(箱入り)お礼 プチギフト　個別包装,NULL,NULL,NULL,
u,345430326,cc-set128,どうぶつ お祝い お菓子 メッセージクッキーお得な30枚セット(箱入り)お礼　プチギフト　ｖ,NULL,NULL,NULL,
u,345430001,cc-set130,ありがとう お菓子 I LOVE YOU メッセージクッキー 15枚セット(箱入り)お祝い ギフト　個別包装,NULL,NULL,NULL,
u,345430002,cc-set131,お祝い お菓子 I LOVE YOU メッセージクッキー 30枚セット(箱入り)お祝い ギフト　個別包装,NULL,NULL,NULL,
u,345430621,cc-set132,I LOVE YOUセット メッセージクッキー 45枚セット(箱入り)お祝い・ギフト・お返し個別包装,NULL,NULL,NULL,
u,345430623,cc-set133,応援セット メッセージクッキー 15枚セット(箱入り)お祝い・ギフト・お返し個別包装,NULL,NULL,NULL,
u,345430626,cc-set134,応援セット メッセージクッキー 30枚セット(箱入り)お祝い・ギフト・お返し個別包装,NULL,NULL,NULL,
u,345430622,cc-set137,どうぶつの結婚式セット メッセージクッキー 30枚セット(箱入り)お祝い・ギフト・お返し個別包装,NULL,NULL,NULL,
u,345430628,cc-set138,どうぶつの結婚式セット メッセージクッキー 15枚セット(箱入り)お祝い・ギフト・お返し個別包装,NULL,NULL,NULL,
u,345430631,cc-set139,産休 お菓子 Babyメッセージクッキー45枚セット(箱入り)お礼 ギフト　個別包装 ショークッキー,NULL,NULL,NULL,
u,345430625,cc-set14,ありがとう お菓子 手土産 メッセージクッキーお得な15枚セット(箱入り)お礼 プチギフト　個別包装,NULL,NULL,NULL,
u,345430634,cc-set140,産休 お菓子 動物メッセージクッキー45枚セット(箱入り)お礼 ギフト 個包装 洋菓子工房フォチ,NULL,NULL,NULL,
u,345430627,cc-set141,転勤 退職 お礼 お菓子 サラリーマン伊藤のプリントクッキー45枚セット(箱入り)ご挨拶 ギフト　個別包装,NULL,NULL,NULL,
u,345430632,cc-set142,転職 退職 お礼 カラフルプリントクッキー45枚セット(箱入り)ご挨拶 ギフト個別包装,NULL,NULL,NULL,
u,345430637,cc-set143,転勤や退職のあいさつに(パターン柄)…プリントクッキー45枚セット(箱入り)お礼・ギフト個別包装,NULL,NULL,NULL,
u,345430630,cc-set144,退職 お礼 (毛筆)…プリントクッキー45枚セット(箱入り)ご挨拶 お菓子 プチギフト お世話になりました個別包装,NULL,NULL,NULL,
u,345430635,cc-set145,産休 あいさつに お菓子 メッセージクッキー45枚セット(箱入り)お礼 ギフト 個包装 お世話になりました個別包装,NULL,NULL,NULL,
u,345430640,cc-set146,転勤 退職 お礼(ポップ)…メッセージクッキー45枚セット(箱入り)ご挨拶 ギフト お世話になりました個別包装,NULL,NULL,NULL,
u,345430638,cc-set147,転勤や退職のあいさつに…メッセージクッキー45枚セット(箱入り)お礼・ギフト個別包装,NULL,NULL,NULL,
u,345430633,cc-set148,転勤 退職 お礼 お菓子 シンプルなメッセージクッキー45枚セット(箱入り)ご挨拶 ギフト個別包装,NULL,NULL,NULL,
u,345430641,cc-set149,ありがとう お菓子 プチギフト メッセージクッキーお得な45枚セット(箱入り)お礼個別包装,NULL,NULL,NULL,
u,345430636,cc-set15,女子会 - 手土産 メッセージクッキーお得な30枚セット(箱入り)お礼・プチギフト個別包装,NULL,NULL,NULL,
u,345430639,cc-set150,ありがとう お菓子 メッセージクッキーお得な45枚セット(箱入り) 女子会個別包装プチギフト,NULL,NULL,NULL,
u,345430642,cc-set151,両親 お礼 メッセージクッキーお得な45枚セット(箱入り)プチギフト個別包装,NULL,NULL,NULL,
u,345430644,cc-set152,誕生パーティーに最適なプリントクッキーお得な45枚セット(箱入り)お礼・プチギフト個別包装,NULL,NULL,NULL,
u,345430643,cc-set153,どうぶつお祝いセットトメッセージクッキーお得な45枚セット(箱入り)お礼・プチギフト個別包装,NULL,NULL,NULL,
u,345430645,cc-set154,和風お祝いセットメッセージクッキーお得な45枚セット(箱入り)お礼・プチギフト個別包装,NULL,NULL,NULL,
u,345430328,cc-set155,どうぶつの結婚式セット メッセージクッキー 45枚セット(箱入り)お祝い・ギフト・お返し個別包装,NULL,NULL,NULL,
u,345430646,cc-set156,Girl&Boyセット メッセージクッキー 45枚セット(箱入り)お祝い・ギフト・お返し個別包装,NULL,NULL,NULL,
u,345430647,cc-set157,結婚祝いに送るメッセージクッキー45枚セット(箱入り)お祝い・ギフト個別包装,NULL,NULL,NULL,
u,345430648,cc-set158,出産祝いに送るメッセージクッキーお得な45枚セット(箱入り)お礼・プチギフト個別包装,NULL,NULL,NULL,
u,345430649,cc-set159,入園・卒園おめでとうメッセージクッキーお得な45枚セット(箱入り)お礼・プチギフト・ショー個別包装,NULL,NULL,NULL,
u,345430329,cc-set160,お礼 お菓子 メッセージクッキー 45枚セット(箱入り)お祝い ギフト 応援セット個別包装,NULL,NULL,NULL,
u,345430652,cc-set161,I LOVE YOUセット メッセージクッキー 45枚セット(箱入り)お祝い・ギフト・お返し個別包装,NULL,NULL,NULL,
u,345430651,cc-set162,内祝いセット[ピンク]出産祝いに送るメッセージクッキーお得な45枚セット(箱入り)お礼個別包装,NULL,NULL,NULL,
u,345430330,cc-set163,内祝いセット[水色]出産祝いに送るメッセージクッキーお得な45枚セット(箱入り)お礼個別包装,NULL,NULL,NULL,
u,345430654,cc-set164,転勤 退職 お礼 メッセージがプリントされたクッキー45枚セット(個包装)ギフト ご挨拶 お菓子個別包装,NULL,NULL,NULL,
u,345430653,cc-set165,転勤や退職のあいさつに(爽やかリーマン坂口)…メッセージクッキー15枚セット(箱入り)ギフト個別包装,NULL,NULL,NULL,
u,345430331,cc-set166,転勤 退職 お礼 (爽やかリーマン坂口)…メッセージクッキー30枚セット(箱入り)ギフト 退職個別包装,NULL,NULL,NULL,
u,345430656,cc-set167,転勤 退職 お礼 (爽やかリーマン坂口)…メッセージクッキー45枚セット(箱入り)ギフト　ご挨拶個別包装,NULL,NULL,NULL,
u,345430655,cc-set168,育休のあいさつに(爽やかリーマン坂口)…メッセージクッキー15枚セット(箱入り)ギフト　退職個別包装,NULL,NULL,NULL,
u,345430332,cc-set169,結婚内祝いに送るメッセージクッキー 45枚セット(箱入り)お祝い・ギフト・お返し個別包装,NULL,NULL,NULL,
u,345430657,cc-set17,結婚祝いに送るメッセージクッキー15枚セット(箱入り)お祝い・ギフト個別包装,NULL,NULL,NULL,
u,345430333,cc-set172,退職 お礼 お菓子 メッセージクッキー どうぶつたちのお礼セット(45枚入)ご挨拶 プチギフト個別包装,NULL,NULL,NULL,
u,345430658,cc-set173,産休のあいさつに 天使メッセージクッキー15枚セット(箱入り)お礼・ギフト・ショークッキー個別包装,NULL,NULL,NULL,
u,345430659,cc-set174,産休のあいさつに 天使メッセージクッキー30枚セット(箱入り)お礼・ギフト・ショークッキー個別包装,NULL,NULL,NULL,
u,345430336,cc-set175,産休 お礼 天使メッセージクッキー45枚セット(箱入り)ご挨拶 ギフト ショークッキー個別包装,NULL,NULL,NULL,
u,345430335,cc-set176,転勤や退職のあいさつに　ねこメッセージクッキー15枚セット(箱入り)お礼・ギフト・ショーク個別包装,NULL,NULL,NULL,
u,345430338,cc-set178,転勤 退職 お礼 ねこメッセージクッキー45枚セット(箱入り)ご挨拶 ギフト ショークッキー個別包装,NULL,NULL,NULL,
u,345430337,cc-set179,転勤や退職のあいさつに　メッセージクッキー15枚セット(箱入り)お礼・ギフト・ショークッキ個別包装,NULL,NULL,NULL,
u,345430660,cc-set18,結婚祝いに送るメッセージクッキー30枚セット(箱入り)お祝い・ギフト個別包装,NULL,NULL,NULL,
u,345430339,cc-set180,退職 お礼 メッセージクッキー30枚セット(箱入り)あいさつ ギフト ショークッキー個別包装,NULL,NULL,NULL,
u,345430661,cc-set181,転勤 退職 お礼 お菓子 メッセージクッキー45枚セット(箱入り)ご挨拶 ギフト 個包装個別包装,NULL,NULL,NULL,
u,345430340,cc-set182,転勤 退職 あいさつ お菓子 メッセージクッキー15枚セット(箱入り)お礼 ギフト 個包装個別包装,NULL,NULL,NULL,
u,345430341,cc-set183,転勤 退職 お礼 お菓子 メッセージクッキー30枚セット(箱入り)ご挨拶 ギフト 個包装,NULL,NULL,NULL,
u,345430662,cc-set184,転勤 退職 お礼 お菓子 メッセージクッキー45枚セット(箱入り)ご挨拶 ギフト 個包装 お世話にな,NULL,NULL,NULL,
u,345430342,cc-set185,転勤 退職 あいさつ お菓子 メッセージクッキー15枚セット(箱入り)お礼 ギフト 個包装 お世話に,NULL,NULL,NULL,
u,345430343,cc-set186,転勤 退職 お礼 お菓子 メッセージクッキー30枚セット(箱入り)ご挨拶 ギフト 個包装 お世話にな,NULL,NULL,NULL,
u,345430663,cc-set187,転勤 退職 お礼 お菓子 メッセージクッキー45枚セット(箱入り)ご挨拶 ギフト 送料無料 個別包装,NULL,NULL,NULL,
u,345430664,cc-set188,転勤 退職 あいさつ お菓子 メッセージクッキー15枚セット(箱入り)お礼 ギフト 個包装 お世話に,NULL,NULL,NULL,
u,345430665,cc-set189,転勤 退職 お礼 お菓子 メッセージクッキー30枚セット(箱入り)ご挨拶 ギフト 送料無料  個包装 ,NULL,NULL,NULL,
u,345430666,cc-set190,転勤 退職 お礼 お菓子 メッセージクッキー45枚セット(箱入り)ご挨拶 ギフト 送料無料 　個別包装,NULL,NULL,NULL,
u,345430667,cc-set191, ハロウィン　お菓子 メッセージクッキーお得な5種類45枚セット(箱入り)　個別包装,NULL,NULL,NULL,
u,345430685,cc-set191-3, ハロウィン　お菓子 メッセージクッキーお得な5種類75枚セット(箱入り)個別包装,NULL,NULL,NULL,
u,345430686,cc-set192,産休 お菓子 動物メッセージクッキー お得な75枚セット(箱入り)お礼 ギフト 挨拶個別包装,NULL,NULL,NULL,
u,345430668,cc-set193,退職 お菓子 挨拶 シンプルなメッセージクッキー 75枚セット(箱入り)お礼 ギフト個別包装,NULL,NULL,NULL,
u,345430687,cc-set194,退職 お菓子 挨拶 毛筆風のメッセージクッキー お得な75枚セット(箱入り)お礼 ギフト個別包装,NULL,NULL,NULL,
u,345430688,cc-set195,産休 お菓子 あいさつにBabyメッセージクッキー お得な75枚セット(箱入り)お礼 ギフト 送料無料 　個別包装,NULL,NULL,NULL,
u,345430669,cc-set196,産休 あいさつ お菓子 お花どうぶつメッセージクッキー お得な75枚セット(箱入り)お礼 ギフト　個別包装,NULL,NULL,NULL,
u,345430689,cc-set197,産休 お菓子 あいさつに…天使メッセージクッキー 75枚セット(箱入り)お礼 ギフト 送料無料 個別包装,NULL,NULL,NULL,
u,345430690,cc-set198,転勤 退職 お菓子 あいさつにサラリーマン伊藤君のメッセージクッキー お得な75枚セット(箱入　個別包装,NULL,NULL,NULL,
u,345430670,cc-set199,転勤 退職 お菓子 あいさつにカラフルなメッセージクッキー お得な75枚セット(箱入り)お礼個別包装,NULL,NULL,NULL,
u,345430691,cc-set200,転勤 退職 お菓子 あいさつにパターン柄のメッセージクッキー お得な75枚セット(箱入り)お礼個別包装,NULL,NULL,NULL,
u,345430692,cc-set201,転勤 退職 お菓子 あいさつにポップなメッセージクッキー お得な75枚セット(箱入り)お礼個別包装,NULL,NULL,NULL,
u,345430671,cc-set202,転勤 退職 お菓子 あいさつにぞうのメッセージクッキー お得な75枚セット(箱入り)お礼個別包装,NULL,NULL,NULL,
u,345430693,cc-set203,転勤 退職 お礼 あいさつに あとは任せた メッセージクッキー お得な75枚セット(箱入り)　個別包装,NULL,NULL,NULL,
u,345430694,cc-set204,転勤 退職 お菓子 あいさつに爽やかリーマン坂口君のメッセージクッキー お得な75枚セット(箱　個別包装,NULL,NULL,NULL,
u,345430672,cc-set205,転勤 退職 お菓子 あいさつにどうぶつたちのお礼のメッセージクッキー お得な75枚セット(箱入　個別包装,NULL,NULL,NULL,
u,345430695,cc-set206,転勤 退職 お菓子 あいさつにねこのメッセージクッキー お得な75枚セット(箱入り)お礼 ギフト個別包装,NULL,NULL,NULL,
u,345430696,cc-set207,転勤 退職 お菓子 あいさつにパステル柄のメッセージクッキー お得な75枚セット(箱入り)お礼個別包装,NULL,NULL,NULL,
u,345430673,cc-set208,転勤 退職 あいさつにどうぶつたちのお礼ハートのメッセージクッキー お得な75枚セット(箱入　個別包装,NULL,NULL,NULL,
u,345430697,cc-set209,転勤 退職 お菓子 あいさつにどうぶつたちのお礼ボーダー柄のメッセージクッキー お得な75枚　個別包装,NULL,NULL,NULL,
u,345430674,cc-set210,転勤 退職 お菓子 あいさつにリボンのメッセージクッキー お得な75枚セット(箱入り)お礼 ギフ　個別包装,NULL,NULL,NULL,
u,345430698,cc-set211,ありがとう お菓子 Thank youメッセージクッキー15枚セット 箱入り お礼 プチギフト プリントクッ　個別包装,NULL,NULL,NULL,
u,345430699,cc-set212,ありがとう お菓子 Thank youメッセージクッキー 30枚セット(箱入り)お礼 プチギフト 個包装　個別包装,NULL,NULL,NULL,
u,345430675,cc-set213,お礼 お菓子 メッセージクッキーお得な45枚セット(箱入り)お礼 プチギフト 個包装 お世話にな　個別包装,NULL,NULL,NULL,
u,345430676,cc-set214,産休 あいさつ お菓子 ハート＆ボーダー15枚セット(箱入り)お礼 ギフト 個包装,NULL,NULL,NULL,
u,345430700,cc-set215,産休 あいさつ お菓子 ハート＆ボーダー30枚セット(箱入り)お礼 ギフト 個包装,NULL,NULL,NULL,
u,345430701,cc-set216,産休 お菓子 お礼 ハート＆ボーダー45枚セット(箱入り)ご挨拶 ギフト ショークッキー　個別包装,NULL,NULL,NULL,
u,345430703,cc-set217,産休 お菓子 あいさつ ハート＆ボーダー お得な75枚セット(箱入り)お礼 ギフト　個別包装,NULL,NULL,NULL,
u,345430680,cc-set23,出産祝い お菓子 メッセージクッキーお得な15枚セット(箱入り)お礼 個包装,NULL,NULL,NULL,
u,345430734,cc-set24,出産祝い お菓子 メッセージクッキーお得な30枚セット(箱入り)お礼 プチギフト 個包装,NULL,NULL,NULL,
u,345430743,cc-set26,ありがとう お菓子 メッセージクッキーお得な15枚セット(箱入り)お礼 プチギフト　個別包装,NULL,NULL,NULL,
u,345430744,cc-set27,ありがとう プチギフト メッセージクッキーお得な30枚セット(箱入り)お礼・プチギフト　個別包装,NULL,NULL,NULL,
u,345430749,cc-set29,誕生日 お菓子 メッセージクッキーお得な15枚セット(箱入り)お礼 プチギフト 個包装,NULL,NULL,NULL,
u,345430751,cc-set30,誕生日 お菓子 メッセージクッキーお得な30枚セット(箱入り)お礼 プチギフト 個包装,NULL,NULL,NULL,
u,345430762,cc-set41,転勤 退職 お菓子 あいさつ シンプルなメッセージクッキー15枚セット(箱入り)お礼・ギフト　個別包装,NULL,NULL,NULL,
u,345430766,cc-set42,転勤 退職 お菓子 お礼 シンプルなプリントクッキー30枚セット(箱入り)あいさつ ギフト お世話　個別包装,NULL,NULL,NULL,
u,345430768,cc-set44, ハロウィン　お菓子 メッセージクッキーお得な3種類15枚セット(箱入り)　個別包装,NULL,NULL,NULL,
u,345430772,cc-set44-45, ハロウィン　お菓子 メッセージクッキーお得な3種類45枚セット(箱入り)　個別包装,NULL,NULL,NULL,
u,345430681,cc-set44-75, ハロウィン　お菓子 メッセージクッキーお得な3種類75枚セット(箱入り) 個別包装,NULL,NULL,NULL,
u,345431190,cc-set45, ハロウィン　お菓子 プリントクッキーお得な6種類30枚セット(箱入り)　個別包装,NULL,NULL,NULL,
u,345431189,cc-set46, ハロウィン　お菓子 メッセージクッキーお得な5種類30枚セット(箱入り)　個別包装,NULL,NULL,NULL,
u,345430682,cc-set46-15, ハロウィン　お菓子 メッセージクッキーお得な5種類15枚セット(箱入り)　個別包装,NULL,NULL,NULL,
u,345431211,cc-set53,転勤 退職 お菓子 あいさつ ポップなメッセージクッキー15枚セット(箱入り)お礼・ギフト　個別包装,NULL,NULL,NULL,
u,345431225,cc-set54,転勤 退職 お菓子 お礼 ポップなメッセージクッキー30枚セット(箱入り)お礼 ギフト お世話にな　個別包装,NULL,NULL,NULL,
u,345431216,cc-set56,転勤 退職 お菓子 お礼 あいさつ 毛筆のメッセージクッキー15枚セット(箱入り)感謝の言葉をプ　個別包装,NULL,NULL,NULL,
u,345431226,cc-set57,転勤 退職 お菓子 お礼 毛筆のプリントクッキー30枚セット(箱入り)ご挨拶 ギフト お世話になり　個別包装,NULL,NULL,NULL,
u,345431357,cc-set59,転勤 退職 お菓子 あいさつ 元気な営業さんのメッセージクッキー15枚セット(箱入り)お礼　個別包装,NULL,NULL,NULL,
u,345431371,cc-set66,産休 お菓子 あいさつ メッセージクッキー15枚セット(箱入り)お礼 ギフト　個別包装,NULL,NULL,NULL,
u,345431367,cc-set67,産休 お菓子 あいさつ メッセージクッキー30枚セット(箱入り)お礼・ギフト　個別包装,NULL,NULL,NULL,
u,345431368,cc-set69,転勤 退職 お菓子 あいさつ パターン柄のメッセージクッキー15枚セット(箱入り)お礼・ギフト　個別包装,NULL,NULL,NULL,
u,345431370,cc-set70,転勤 退職 お菓子 お礼 パターン柄のプリントクッキー30枚セット(箱入り) ギフト お世話になり　個別包装,NULL,NULL,NULL,
u,345431377,cc-set75,入園・卒園祝いメッセージクッキー15枚セット(箱入り)お礼・ギフト　個別包装,NULL,NULL,NULL,
u,345431232,cc-set76,入園・卒園祝いメッセージクッキー30枚セット(箱入り)お礼・ギフト　個別包装,NULL,NULL,NULL,
u,345431378,cc-set78,転勤 退職 お菓子 あいさつ サラリーマン伊藤のメッセージクッキー15枚セット(箱入り)お礼　個別包装,NULL,NULL,NULL,
u,345431233,cc-set79,転勤 退職 お菓子 お礼 サラリーマン伊藤のプリントクッキー30枚セット(箱入り)ご挨拶 ギフト　個別包装,NULL,NULL,NULL,
u,345431234,cc-set81,退職 お菓子 プチギフト お礼 あいさつにカラフルなプリントクッキー15枚セット(箱入り)お礼　個別包装,NULL,NULL,NULL,
u,345431235,cc-set82,転職 退職 お菓子 お礼 カラフルなプリントクッキー30枚セット(箱入り)ご挨拶プチギフト個別包装,NULL,NULL,NULL,
u,345431388,cc-set99,産休 お菓子 あいさつに動物のメッセージクッキー15枚セット(箱入り)お礼 ギフト個別包装,NULL,NULL,NULL,
u,345431405,chocola-locabo,送料無料  人気のお取り寄せ 低糖質 スイーツ 生チョコレート 20個入り　ダイエット 糖質制限,NULL,NULL,NULL,
u,345431406,chocola-locabo-2,送料無料  低糖質 スイーツ 生チョコレート20個入 2箱セット ダイエット 糖質制限 人気のお取り寄せ ,NULL,NULL,NULL,
u,345431407,chocola-locabo-3,送料無料  低糖質 スイーツ 生チョコレート20個入 3箱セット ダイエット 糖質制限 人気のお取り寄せ 　,NULL,NULL,NULL,
u,345431391,chocola-locabo-4,送料無料  低糖質スイーツ 生チョコレート20個入 4箱セット ダイエット　糖質制限,NULL,NULL,NULL,
u,345431392,chocola-locabo-5,低糖質スイーツ 生チョコレート20個入 5箱セット 糖質ダイエット中や糖質制限中も安心の濃厚,NULL,NULL,NULL,
u,345431408,chocola-locabo-vd,【送料無料】生チョコレート20個入 12箱入り 糖質制限　低糖質スイーツ ロカボ ギフト 贈り物【大増量リニューアル】,NULL,NULL,NULL,
u,345431432,kumazu_04set,送料無料 プチギフト くまの焼き菓子セット クマーズ4 お試し ギフト  ポイント 消化　買い周り,NULL,NULL,NULL,
u,345431434,locabo-chocolte-roll, 送料無料 低糖質 生チョコロールケーキ プレゼント 誕生日 ギフト　お取り寄せ 糖質制限　,NULL,NULL,NULL,
u,345431437,locabo-chocolte-roll2,送料無料  低糖質 スイーツ 生チョコロールケーキ 2箱まとめ買い12％OFF　 クリスマス お歳暮 ギフト ショコラ ,NULL,NULL,NULL,
u,345431435,locabo-chocolte-roll3,送料無料  低糖質スイーツ 生チョコレート ロールケーキ3本セット ショコラ プレゼント 誕生日 ギフト　 クリスマス お歳暮 ギフト,NULL,NULL,NULL,
u,345431453,nrc-locabo4,送料無料 ひんやり濃厚低糖質レアチーズケーキ4号(12cm)　1〜2名用　1カット糖質1.6ｇ　低糖質　ダイエット,NULL,NULL,NULL,
u,345431735,pm-set1,送料無料 ありがとう メッセージマカロン 5個セット プチギフト 　,NULL,NULL,NULL,
u,345431739,pm-set107,送料無料 転勤 退職 お菓子 どうぶつたちのお礼メッセージマカロン 5個セット(箱入り)お礼 プチギフト,NULL,NULL,NULL,
u,345431741,pm-set108,送料無料 転職 退職 お菓子 お礼 どうぶつたちのお礼メッセージマカロン 10個セット(箱入り)ご挨拶,NULL,NULL,NULL,
u,345431742,pm-set109,送料無料 転職 退職 お菓子 お礼 どうぶつたちのお礼メッセージマカロン 20個セット(箱入り)ご挨拶,NULL,NULL,NULL,
u,345431764,pm-set11,送料無料 出産祝い お菓子 メッセージマカロン プチギフト,NULL,NULL,NULL,
u,345431765,pm-set110,送料無料 ありがとう お菓子 メッセージマカロン 5個セット(箱入り)お礼 プチギフト　,NULL,NULL,NULL,
u,345431767,pm-set111,送料無料 ありがとう お菓子 メッセージマカロン 10個セット(箱入り)お礼 プチギフト　,NULL,NULL,NULL,
u,345431768,pm-set112,送料無料 ●○レトロポップ●○メッセージマカロン 20個セット(箱入り)お礼・プチギフト　,NULL,NULL,NULL,
u,345431770,pm-set113,送料無料 ありがとう お菓子 メッセージマカロン 5個セット(箱入り)お礼 プチギフト　,NULL,NULL,NULL,
u,345431772,pm-set114,送料無料 お花のラブリー♪ありがとうメッセージマカロン 10個セット(箱入り)お礼・プチギフト　,NULL,NULL,NULL,
u,345432051,pm-set12,送料無料 出産祝い お菓子 メッセージマカロン 10個セット お祝い プチギフト　,NULL,NULL,NULL,
u,345432054,pm-set13,送料無料 退職 お菓子 お世話になりましたメッセージマカロン 5個セット お礼 挨拶 プチギフト　,NULL,NULL,NULL,
u,345432079,pm-set14,送料無料 転職 退職 お菓子 お礼 メッセージマカロン 10個セット ご挨拶 プチギフト お世話になりました　,NULL,NULL,NULL,
u,345432080,pm-set15,送料無料 おいしいスイーツ・おめでとう！メッセージマカロン 5個セット(箱入り)お祝い・プチギフト　,NULL,NULL,NULL,
u,345432063,pm-set16,送料無料 おめでとう お菓子 メッセージマカロン 10個セット　お祝い プチギフト　,NULL,NULL,NULL,
u,345432086,pm-set17,送料無料 応援 お菓子 がんばれ メッセージマカロン 5個セット　お礼 プチギフト　,NULL,NULL,NULL,
u,345432081,pm-set18,送料無料 応援 がんばれ お菓子 メッセージマカロン 10個セット プチギフト　,NULL,NULL,NULL,
u,345432085,pm-set19,送料無料 大好き お菓子 すき メッセージマカロン 5個セット お礼 プチギフト　,NULL,NULL,NULL,
u,345432088,pm-set2,送料無料 ありがとう お菓子 メッセージマカロン 10個セットお礼 プチギフト,NULL,NULL,NULL,
u,345432082,pm-set20,送料無料 大好き お菓子 メッセージマカロン 10個セット　お礼 プチギフト　,NULL,NULL,NULL,
u,345432087,pm-set21,送料無料 お詫び お菓子 ごめんなさい… メッセージマカロン 5個セット 謝罪 プチギフト　,NULL,NULL,NULL,
u,345432090,pm-set22,送料無料 お詫び ごめんなさい 謝罪 お菓子 メッセージマカロン 10個セット プチギフト　,NULL,NULL,NULL,
u,345432083,pm-set23,送料無料 産休 お菓子 挨拶 メッセージマカロン 5個セット 感謝とお礼 プチギフト,NULL,NULL,NULL,
u,345432089,pm-set24,送料無料 産休 お菓子 メッセージマカロン 10個セット お礼 挨拶 プチギフト　,NULL,NULL,NULL,
u,345432092,pm-set25,送料無料 産休 お菓子 あいさつにメッセージマカロン 20個セット お礼 プチギフト　,NULL,NULL,NULL,
u,345432091,pm-set27,送料無料  おいしいスイーツ・ハロウィンのメッセージマカロン 5個セット　お祝い・プチギフト　,NULL,NULL,NULL,
u,345432093,pm-set28,送料無料 おいしいスイーツ・ハロウィンのメッセージマカロン 10個セット　お祝い・プチギフト　,NULL,NULL,NULL,
u,345432096,pm-set29,送料無料 ハロウィンパーティーに！メッセージマカロン 5個セット(箱入り)お祝い・プチギフト,NULL,NULL,NULL,
u,345432095,pm-set3,送料無料 誕生日 お菓子 HappyBirthDay!!メッセージマカロン 5個セット お祝い プチギフト　,NULL,NULL,NULL,
u,345432094,pm-set30,送料無料 ハロウィンパーティーに！プリントマカロン 10個セット(箱入り)お祝い・プチギフト,NULL,NULL,NULL,
u,345432099,pm-set31,送料無料 七五三のお祝いに！メッセージマカロン 5個セット(箱入り)お礼 プチギフト　,NULL,NULL,NULL,
u,345432097,pm-set32,送料無料 七五三のお祝いに！メッセージマカロン 10個セット(箱入り)お礼 プチギフト　,NULL,NULL,NULL,
u,345432103,pm-set4,送料無料 誕生日 お菓子 メッセージマカロン 10個セット(箱入り)お祝い プチギフト　,NULL,NULL,NULL,
u,345432109,pm-set54,送料無料 入学祝 お菓子 メッセージマカロン 5個セット お礼 プチギフト　,NULL,NULL,NULL,
u,345432110,pm-set55,送料無料 祝＊ご入学 メッセージマカロン 10個セット　お礼・プチギフト　,NULL,NULL,NULL,
u,345432111,pm-set56,送料無料 祝＊ご入学 メッセージマカロン 20個セットお礼・プチギフト　,NULL,NULL,NULL,
u,345432124,pm-set57,送料無料  お疲れ様 メッセージマカロン 5個セット お礼 プチギフト　,NULL,NULL,NULL,
u,345432113,pm-set58,送料無料  お疲れ様でした お菓子 メッセージマカロン 10個セットご挨拶 プチギフト お世話になりました　,NULL,NULL,NULL,
u,345432112,pm-set59,送料無料  転職 退職 お菓子 お礼 お疲れ様でした メッセージマカロン 20個セット ご挨拶 プチギフト ,NULL,NULL,NULL,
u,345432125,pm-set60,送料無料  結婚内祝 お菓子 メッセージマカロン 5個セットお礼 プチギフト　,NULL,NULL,NULL,
u,345432115,pm-set61,送料無料 結婚内祝メッセージマカロン 10個セットお祝いありがとう お礼・プチギフト　,NULL,NULL,NULL,
u,345432114,pm-set62,送料無料 結婚内祝メッセージマカロン 20個セットお祝いありがとう 20個セットお礼・プチギフト　,NULL,NULL,NULL,
u,345432117,pm-set66,送料無料 出産内祝 お菓子 メッセージマカロン 5個セットお礼 プチギフト　,NULL,NULL,NULL,
u,345432126,pm-set67,送料無料 出産内祝メッセージマカロン 10個セットお礼・プチギフト　,NULL,NULL,NULL,
u,345432119,pm-set68,送料無料  出産内祝メッセージマカロン 20個セットお祝いありがとう お礼・プチギフト　,NULL,NULL,NULL,
u,345432127,pm-set7,送料無料  結婚式 プチギフト プリント マカロン 5個セット お礼 プチギフト　,NULL,NULL,NULL,
u,345432128,pm-set70,送料無料  開店祝い お菓子 メッセージマカロン 5個セット(箱入り)お祝い プチギフト　,NULL,NULL,NULL,
u,345432116,pm-set71,送料無料  開店祝い お菓子 メッセージマカロン 10個セット(箱入り)お祝い プチギフト　,NULL,NULL,NULL,
u,345432129,pm-set8,送料無料 おいしいスイーツ・結婚の祝いに！プリント マカロン 10個セット　お礼・プチギフト　,NULL,NULL,NULL,
u,345432122,pm-set81,送料無料  出産祝い お菓子 ひよこメッセージマカロン 5個セット お祝い プチギフト　,NULL,NULL,NULL,
u,345432130,pm-set82,送料無料  出産祝い・ひよこメッセージマカロン 10個セット　お祝い・プチギフト　,NULL,NULL,NULL,
u,345432123,pm-set83,送料無料  出産祝い お菓子 ひよこメッセージマカロン 20個セットお祝いありがとう お礼 プチギフト　,NULL,NULL,NULL,
u,345432121,pm-set93,送料無料  誕生日 お菓子 HappyBirthDay(お花) メッセージマカロン 5個セット(箱入り)お祝い プチギフト　,NULL,NULL,NULL,
u,345432131,pm-set94,送料無料  誕生日 お菓子 メッセージマカロン 10個セット(箱入り)お祝い プチギフト　,NULL,NULL,NULL,
u,345432132,pm-set95,送料無料 HappyBirthDay(お花)・大好きな人の誕生日にメッセージマカロン 20個セット(箱入り)お祝い・　,NULL,NULL,NULL,
u,345432135,pm-set96,送料無料 ありがとう お菓子 メッセージマカロン 5個セットお礼 プチギフト　,NULL,NULL,NULL,
u,345432133,pm-set97,送料無料 ありがとう お菓子 メッセージマカロン 10個セットお礼 プチギフト　,NULL,NULL,NULL,
u,345432134,pm-set98,送料無料 ありがとう お菓子 メッセージマカロン 20個セットご挨拶 プチギフト お世話になりました　,NULL,NULL,NULL,
u,345432166,rc-locabo-2, 送料無料  低糖質 スイーツ レアチーズケーキ 4号2箱セット8％OFF　オフ　まとめ買い　大人買い　複数買い　糖質制限 ダイエット 妊婦さんへ　おもたせ　お取り寄せスイーツ,NULL,NULL,NULL,
u,345432169,rc-locabo-3, 送料無料  【4号3箱セット】24％OFF低糖質レアチーズケーキオフ　お取り寄せスイーツ ギフト誕生日まとめ買い,NULL,NULL,NULL,
u,345432167,rc-locabo-4, 送料無料 低糖質 スイーツ レアチーズケーキ 4箱セット　25％OFF　オフ 糖質制限 お取り寄せスイーツ クリスマス お歳暮 ギフト,NULL,NULL,NULL,
u,345432168,rc-locabo-5,低糖質 スイーツ ひんやりレアチーズケーキ 5個セット 人気のお取り寄せ ギフト 送料無料 クリスマス お歳暮 ギフト,NULL,NULL,NULL,
u,345432145,rc-locabo5,送料無料  低糖質 スイーツ おいしいレアチーズケーキ 5号 (15cm 4-5名用) クリスマス お歳暮 ギフト,NULL,NULL,NULL,
u,345432146,rc-locabo5-2,送料無料 5号 2箱セット　まとめ買い17％OFF(15cm 4-5名用)低糖質 スイーツ レアチーズケーキお取り寄せスイーツ　 ,NULL,NULL,NULL,
u,345432171,rc-locabo5-3,送料無料  低糖質 スイーツ おいしいレアチーズケーキ 5号 3箱(15cm 4-5名用) まとめ買い22％OFF割引　,NULL,NULL,NULL,
u,345432147,roll-set,送料無料 人気のお取り寄せ 天空のロールケーキ金時 緑餡２本　ギフト　 クリスマス お歳暮,NULL,NULL,NULL,
u,345432148,roll-set-half,送料無料 人気のお取り寄せスイーツ 天空のロールケーキ金時 緑餡２本セット クリスマス お歳暮,NULL,NULL,NULL,
u,345432149,setoron,送料無料 天空のロールケーキ 瀬戸 瀬戸内レモン×ロールケーキ スイーツ ギフト 贈り物  クリスマス お歳暮,NULL,NULL,NULL,
u,345432150,setoron2,送料無料 人気のお取り寄せ 天空のロールケーキ 2本セット 瀬戸内レモン スイーツ ギフト 贈り物　クリスマス お歳暮,NULL,NULL,NULL,
u,345432151,setoron3,送料無料 人気のお取り寄せ 天空のロールケーキ 3本セット 瀬戸内レモン スイーツ ギフト 贈り物　クリスマス お歳暮,NULL,NULL,NULL,
u,345432172,souffle-chiboust,送料無料  大人気のお取り寄せスイーツ 天空のチーズケーキ   クリスマス お歳暮 ギフト ランキング上位 第一位 スフレ TVで紹介,NULL,NULL,NULL,
u,345432152,souffle-chiboust2,送料無料 人気のお取り寄せ 天空のチーズケーキ 2箱セット  クリスマス お歳暮 ギフト 誕生日 スフレ,NULL,NULL,NULL,
u,345432173,souffle-chiboust3,送料無料 人気のお取り寄せ 天空のチーズケーキ 3個セット  クリスマス お歳暮 ギフト 誕生日 スフレ,NULL,NULL,NULL,
u,345432154,souffle-chiboust4,送料無料 人気のお取り寄せ 天空のチーズケーキ 4個セット  クリスマス お歳暮 ギフト 誕生日 スフレ,NULL,NULL,NULL,
u,345432153,souffle-rikyu,送料無料 人気のお取り寄せ 抹茶 天空のチーズケーキ 利休  クリスマス お歳暮 ギフト 誕生日 スフレ,NULL,NULL,NULL,
u,345432156,souffle-rikyu-2, 送料無料 人気のお取り寄せ 抹茶 天空のチーズケーキ 利休 ２箱セット まとめ買い15%OFF クリスマス お歳暮 ギフト,NULL,NULL,NULL,
u,345432155,souffle-rikyu-3, 送料無料 人気のお取り寄せ 抹茶 スフレ天空のチーズケーキ 利休 3箱セット22％ OFF クリスマス お歳暮 ギフト,NULL,NULL,NULL,
u,345432158,souffle-rikyu-4, 送料無料 お取り寄せスイーツ 天空のチーズケーキ 利休 抹茶  4 箱セット 26%OFF 割引スフレ クリスマス お歳暮 ギフト,NULL,NULL,NULL,
u,345432160,tenku-baked4,送料無料  4号 濃厚 チーズケーキ 天空のベイクドチーズケーキひんやりレモンスフレフロマージュ クリスマス お歳暮 ギフト,NULL,NULL,NULL,
u,345432364,tenku-baked4-2,送料無料 4号 2箱セット 12%OFF お取り寄せスイーツ 天空のベイクドチーズケーキ 大人買い クリスマス お歳暮 ギフト　,NULL,NULL,NULL,
u,345432363,tenku-baked4-3,送料無料 4号3箱まとめ買い18％OFF 天空のベイクドチーズケーキ 濃厚レモンスフレフロマージュ クリスマス お歳暮 ギフト,NULL,NULL,NULL,
u,345432369,tenku-baked5,送料無料  天空のベイクドチーズケーキ 5号　人気のお取り寄せスイーツひんやり濃厚レモンスフレフロマージュ クリスマス お歳暮 ギフト,NULL,NULL,NULL,
u,345432375,tenku-baked5-2,送料無料   5号２箱 まとめ買い10%OFF人気のお取り寄せスイーツ 天空のベイクドチーズケーキ クリスマス お歳暮 ギフト,NULL,NULL,NULL,
u,345432161,tenku-baked5-3,送料無料   5号　3箱セット　16％OFF　まとめ買い人気のお取り寄せスイーツ 天空のベイクドチーズケーキ クリスマス お歳暮 ギフト,NULL,NULL,NULL,
u,345432381,tenku-fondant3,【日経新聞 ７位受賞】送料無料  濃厚　とろけるフォンダンショコラ3号 フランス産チョコレート70％使用！ ギフト お菓子 お取り寄せ,NULL,NULL,NULL,
u,345432162,tenku-pudding,送料無料 プレゼントに人気！！天空のプリン雅 5個入り 濃厚な最高級プリン クリスマス お歳暮 ギフト,NULL,NULL,NULL,
u,345432388,tenku-pudding-assorted,送料無料 人気のお取り寄せ 天空のプリン アソート ランキング上位プリン クリスマス お歳暮 ギフト抹茶 マンゴー ラズベリー キャラメル,NULL,NULL,NULL,
u,345432402,tenku-pudding-assorted2,送料無料 人気のお取り寄せ 天空のプリン アソート ２箱セット マンゴー 抹茶 ラズベリー キャラメル クリスマス お歳暮 ギフト,NULL,NULL,NULL,
u,345432393,tenku-pudding-assorted3,送料無料 人気のお取り寄せ 天空のプリン アソート お得な3箱セット マンゴー 抹茶 ラズベリー キャラメル クリスマス お歳暮 ギフト,NULL,NULL,NULL,
u,345432163,tenku-pudding-hojun,送料無料 人気のお取り寄せ 天空のプリン芳醇 高級宇治抹茶使用 5個入り クリスマス お歳暮 ギフト,NULL,NULL,NULL,
u,345432397,tenku-pudding-hojun2,送料無料 人気のお取り寄せ 天空のプリン芳醇 高級宇治抹茶使用 5個入り 2箱セット クリスマス お歳暮 ギフト,NULL,NULL,NULL,
u,345432781,tenku-pudding-hojun3,送料無料 天空のプリン芳醇 5個入り お得な3箱セット 高級宇治抹茶人気のお取り寄せ クリスマス お歳暮 ギフト,NULL,NULL,NULL,
u,345432783,tenku-pudding-kirameki,送料無料 スイーツ天空のプリン煌 キャラメル 5個入り 人気のお取り寄せ クリスマス お歳暮 ギフト,NULL,NULL,NULL,
u,345432805,tenku-pudding-kirameki02,送料無料 天空のプリン煌 キャラメル 5個入り お得な2箱セット 人気のお取りスイーツ クリスマス お歳暮 ギフト,NULL,NULL,NULL,
u,345432782,tenku-pudding-kirameki03,送料無料 人気のお取り寄せ 天空のプリン煌 キャラメル 5個入り 3箱セット クリスマス お歳暮 ギフト,NULL,NULL,NULL,
u,345432784,tenku-pudding-mange,送料無料 人気のお取り寄せスイーツ 天空のプリン 芒果 マンゴー 5個入り ギフト  誕生日 クリスマス お歳暮 ギフト,NULL,NULL,NULL,
u,345432806,tenku-pudding-mange2,送料無料 人気のお取り寄せスイーツ 天空のプリン 芒果 マンゴー 6個入り 2箱セット ギフト  誕生日 クリスマス お歳暮 ギフト,NULL,NULL,NULL,
u,345432804,tenku-pudding-mange3,送料無料 人気のお取り寄せスイーツ 天空のプリン 芒果 マンゴー 6個入り 3箱セット ギフト  誕生日 クリスマス お歳暮 ギフト,NULL,NULL,NULL,
u,345432785,tenku-pudding-syouka,送料無料 人気のお取り寄せスイーツ 天空のプリン 漿果 ラズベリー 5個入り クリスマス お歳暮 ギフト,NULL,NULL,NULL,
u,345432808,tenku-pudding-syouka2,送料無料 人気のお取り寄せ 天空のプリン 漿果 ラズベリー 5個入り 2箱セット スイーツ クリスマス お歳暮 ギフト,NULL,NULL,NULL,
u,345432807,tenku-pudding-syouka3,送料無料 人気のお取り寄せ 天空のプリン 漿果 ラズベリー 5個入り 3箱セット スイーツ クリスマス お歳暮 ギフト,NULL,NULL,NULL,
u,345432786,tenku-pudding2,送料無料 天空のプリン雅 キャラメル 5個入り お得な2箱セット 濃厚な最高級プリンのお取り寄せ クリスマス お歳暮,NULL,NULL,NULL,
u,345432810,tenku-pudding3,送料無料 天空のプリン雅 キャラメル 5個入り 3箱セット 濃厚な高級プリン クリスマス お歳暮 ギフト,NULL,NULL,NULL,
u,345432788,tenkurole-daigo1,送料無料 人気のお取り寄せ 天空のロールケーキ 醍醐 米粉100%小麦粉不使用 三温糖 北海道産生クリーム ,NULL,NULL,NULL,
u,345432812,tenkurole-daigo2,送料無料 お取り寄せスイーツ 人気 天空のロールケーキ 醍醐 2箱セット　15％OFF　米粉100% 小麦粉不使用,NULL,NULL,NULL,
u,345432811,tenkurole-daigo3,送料無料 お取り寄せスイーツ 天空のロールケーキ 醍醐 3箱セット 20%OFF　米粉100% 乳酸菌 クリスマス お歳暮 ギフト,NULL,NULL,NULL,
u,372826616,pm-set41,送料無料 退職の挨拶に人気のお菓子 カラフル メッセージマカロン 5個セット プチギフト お世話になりました インスタ映え,NULL,NULL,NULL,
u,372826802,pm-set42,送料無料 退職の挨拶に人気のお菓子 カラフル メッセージマカロン 10個セット プチギフト お世話になりました インスタ映え,NULL,NULL,NULL,
u,372826821,pm-set50,送料無料 退職の挨拶に人気のお菓子 カラフル メッセージマカロン 20個セット プチギフト お世話になりました インスタ映え,NULL,NULL,NULL,
u,372826866,pm-set51,送料無料 退職の挨拶に人気のお菓子 メッセージマカロン 20個セット プチギフト お世話になりました インスタ映え,NULL,NULL,NULL,
u,372826898,pm-set52,送料無料 ありがとう お菓子 メッセージマカロン 20個セットお礼 プチギフト,NULL,NULL,NULL,
u,372826873,pm-set53,送料無料 誕生日 スイーツギフト HappyBirthDay!!メッセージマカロン 20個セット お祝い プチギフト インスタ映え,NULL,NULL,NULL,
u,401648535,pm-set181,送料無料 産休 お菓子 あいさつ パパママ赤ちゃんのカワイイイラストのメッセージマカロン 5個セット  スイーツ ギフト,NULL,NULL,NULL,
u,401648490,pm-set182,送料無料 産休 お菓子 あいさつ パパママ赤ちゃんのカワイイイラストのメッセージマカロン 10個セット  スイーツ ギフト,NULL,NULL,NULL,
u,401648492,pm-set183,送料無料  産休 お菓子 あいさつ パパママ赤ちゃんのカワイイイラストのメッセージマカロン 20個セット  スイーツ ギフト,NULL,NULL,NULL,
u,401649809,pm-set184,送料無料 産休 お菓子 あいさつ 人気の5つのフレーバーで美味しい ネコのイラスト メッセージマカロン 5個セット  スイーツ ギフト,NULL,NULL,NULL,
u,401649810,pm-set185,送料無料 産休 お菓子 あいさつ 人気の5つのフレーバーで美味しい ネコのイラスト メッセージマカロン 10個セット  スイーツ ギフト,NULL,NULL,NULL,
u,401650742,pm-set186,送料無料 産休 お菓子 あいさつ 人気の5つのフレーバーで美味しい ネコのイラスト メッセージマカロン 20個セット  スイーツ ギフト,NULL,NULL,NULL,
u,401650756,pm-set187,送料無料 産休 お菓子 あいさつ かわいいアニマルイラスト メッセージマカロン 5個セット  スイーツ ギフト,NULL,NULL,NULL,
u,401650757,pm-set188,送料無料 産休 お菓子 あいさつ かわいいアニマルイラスト メッセージマカロン 10個セット  スイーツ ギフト,NULL,NULL,NULL,
u,401650743,pm-set189,送料無料 産休 お菓子 あいさつ かわいいアニマルイラスト メッセージマカロン 20個セット  スイーツ ギフト,NULL,NULL,NULL,
u,401651997,pm-set190,送料無料 産休 お菓子 あいさつ 人気の5つのフレーバーで美味しい 家族でご挨拶 メッセージマカロン 5個セット  スイーツ ギフト,NULL,NULL,NULL,
u,401651998,pm-set191,送料無料 産休 お菓子 あいさつ 人気の5つのフレーバーで美味しい 家族でご挨拶 メッセージマカロン 10個セット  スイーツ ギフト,NULL,NULL,NULL,
u,401652000,pm-set192,送料無料 産休 お菓子 あいさつ 人気の5つのフレーバーで美味しい 家族でご挨拶 メッセージマカロン 20個セット  スイーツ ギフト,NULL,NULL,NULL,
u,401651381,pm-set193,送料無料 産休 お菓子 あいさつ 気持ちを伝える 人気の5つのフレーバーで美味しい メッセージマカロン 5個セット  スイーツ ギフト,NULL,NULL,NULL,
u,401652032,pm-set194,送料無料 産休 お菓子 あいさつ 気持ちを伝える 人気の5つのフレーバーで美味しい メッセージマカロン 10個セット  スイーツ ギフト,NULL,NULL,NULL,
u,401652033,pm-set195,送料無料 産休 お菓子 あいさつ 気持ちを伝える 人気の5つのフレーバーで美味しい メッセージマカロン 20個セット  スイーツ ギフト,NULL,NULL,NULL,
u,401653837,pm-set196,送料無料 産休 お菓子 あいさつ 職場へのご挨拶に 人気の5つのフレーバーで美味しい メッセージマカロン 5個セット  スイーツ ギフト,NULL,NULL,NULL,
u,401653838,pm-set197,送料無料 産休 お菓子 あいさつ 職場へのご挨拶に 人気の5つのフレーバーで美味しい メッセージマカロン 10個セット  スイーツ ギフト,NULL,NULL,NULL,
u,401653839,pm-set198,送料無料 産休 お菓子 あいさつ 職場へのご挨拶に 人気の5つのフレーバーで美味しい メッセージマカロン 20個セット  スイーツ ギフト,NULL,NULL,NULL,
u,403186899,pm-set199,【送料無料】ハロウィン お菓子 メッセージマカロン キュートなお化けがカワイイ HAPPY HALLOWEEN 5個セット  スイーツ ギフト,NULL,NULL,NULL,
u,403186933,pm-set202,【送料無料】ハロウィン お菓子 メッセージマカロン かわいいキッズがトリックオアトリート 5個セット  スイーツ ギフト,NULL,NULL,NULL,
u,403190190,pm-set205,【送料無料】ハロウィン お菓子 メッセージマカロン モンスターたちが大騒ぎ パンプキンナイト 5個セット  スイーツ ギフト,NULL,NULL,NULL,
u,403190226,pm-set208,【送料無料】ハロウィン お菓子 メッセージマカロン コミックモンスターたちのハロウィンパーティ 5個セット  スイーツ ギフト,NULL,NULL,NULL,
u,403190277,pm-set211,【送料無料】ハロウィン お菓子 メッセージマカロン 動物たちの楽しいハッピーハロウィン 5個セット  スイーツ ギフト,NULL,NULL,NULL,
u,403191967,pm-set214,【送料無料】ハロウィン お菓子 メッセージマカロン ハッピーハロウィンパーティナイト 人気の5つのフレーバーで美味しい 5個セット  スイーツ ギフト,NULL,NULL,NULL,
u,403191968,pm-set217,【送料無料】ハロウィン お菓子 メッセージマカロン ジャックオランタンとお祝い 人気の5つのフレーバーで美味しい 5個セット  スイーツ ギフト,NULL,NULL,NULL,
u,403193503,pm-set200,【送料無料】ハロウィン お菓子 メッセージマカロン キュートなお化けがカワイイ HAPPY HALLOWEEN 10個セット  スイーツ ギフト,NULL,NULL,NULL,
u,403203333,pm-set206,【送料無料】ハロウィン お菓子 メッセージマカロン モンスターたちが大騒ぎ パンプキンナイト 10個セット  スイーツ ギフト,NULL,NULL,NULL,
u,403203334,pm-set209,【送料無料】ハロウィン お菓子 メッセージマカロン コミックモンスターたちのハロウィンパーティ 10個セット  スイーツ ギフト　,NULL,NULL,NULL,
u,403203335,pm-set212,【送料無料】ハロウィン お菓子 メッセージマカロン 動物たちの楽しいハッピーハロウィン 10個セット  スイーツ ギフト,NULL,NULL,NULL,
u,403203336,pm-set215,【送料無料】ハロウィン お菓子 メッセージマカロン ハッピーハロウィンパーティナイト 人気の5つのフレーバーで美味しい 10個セット  スイーツ ギフト,NULL,NULL,NULL,
u,403203366,pm-set218,【送料無料】ハロウィン お菓子 メッセージマカロン ジャックオランタンとお祝い 人気の5つのフレーバーで美味しい 10個セット  スイーツ ギフト,NULL,NULL,NULL,
u,403203368,pm-set201,【送料無料】ハロウィン お菓子 メッセージマカロン キュートなお化けがカワイイ HAPPY HALLOWEEN 20個セット  スイーツ ギフト,NULL,NULL,NULL,
u,403203407,pm-set204,【送料無料】ハロウィン お菓子 メッセージマカロン かわいいキッズがトリックオアトリート 20個セット  スイーツ ギフト,NULL,NULL,NULL,
u,403203408,pm-set207,【送料無料】ハロウィン お菓子 メッセージマカロン モンスターたちが大騒ぎ パンプキンナイト 20個セット  スイーツ ギフト,NULL,NULL,NULL,
u,403203572,pm-set210,【送料無料】ハロウィン お菓子 メッセージマカロン コミックモンスターたちのハロウィンパーティ 20個セット  スイーツ ギフト,NULL,NULL,NULL,
u,403204815,pm-set213,【送料無料】ハロウィン お菓子 メッセージマカロン 動物たちの楽しいハッピーハロウィン 20個セット  スイーツ ギフト,NULL,NULL,NULL,
u,403204816,pm-set216,【送料無料】ハロウィン お菓子 メッセージマカロン ハッピーハロウィンパーティナイト 人気の5つのフレーバーで美味しい 20個セット  スイーツ ギフト,NULL,NULL,NULL,
u,403266944,pm-set203,【送料無料】ハロウィン お菓子 メッセージマカロン かわいいキッズがトリックオアトリート 10個セット  スイーツ ギフト,NULL,NULL,NULL,
u,405478322,pm-set219,【送料無料】ハロウィン お菓子 メッセージマカロン ジャックオランタンとお祝い 人気の5つのフレーバーで美味しい 20個セット  スイーツ ギフト,NULL,NULL,NULL,
u,405478323,pm-set222,【送料無料】ハロウィン お菓子 メッセージマカロンで差をつけるハロウィンパーティ 人気の5つのフレーバーで美味しい 20個セット  スイーツ ギフト,NULL,NULL,NULL,
u,405489966,pm-set225,【送料無料】ハロウィン お菓子 メッセージマカロン 色々な魔女が勢ぞろい 人気の5つのフレーバーで美味しい 20個セット  スイーツ ギフト,NULL,NULL,NULL,
u,405490109,pm-set228,【送料無料】ハロウィン お菓子 メッセージマカロン モンスター大集合 お祭り気分でお祝いパーティ 人気の5つのフレーバーで美味しい 20個セット　スイーツ ギフト,NULL,NULL,NULL,
u,405494138,pm-set220,【送料無料】ハロウィン お菓子 メッセージマカロンで差をつけるハロウィンパーティ 人気の5つのフレーバーで美味しい 5個セット スイーツ ギフト,NULL,NULL,NULL,
u,405494233,pm-set223,【送料無料】ハロウィン お菓子 メッセージマカロン 色々な魔女が勢ぞろい 人気の5つのフレーバーで美味しい 5個セット スイーツ ギフト,NULL,NULL,NULL,
u,405496654,pm-set226,【送料無料】ハロウィン お菓子 メッセージマカロン モンスター大集合 お祭り気分でお祝いパーティ 人気の5つのフレーバーで美味しい 5個セット  スイーツ ギフト,NULL,NULL,NULL,
u,405497660,pm-set221,【送料無料】ハロウィン お菓子 メッセージマカロンで差をつけるハロウィンパーティ 人気の5つのフレーバーで美味しい 10個セット スイーツ ギフト,NULL,NULL,NULL,
u,405497661,pm-set224,【送料無料】ハロウィン お菓子 メッセージマカロン 色々な魔女が勢ぞろい 人気の5つのフレーバーで美味しい 10個セット スイーツ ギフト,NULL,NULL,NULL,
u,405497662,pm-set227,【送料無料】ハロウィン お菓子 メッセージマカロン モンスター大集合 お祭り気分でお祝いパーティ 人気の5つのフレーバーで美味しい 10個セット スイーツ ギフト,NULL,NULL,NULL,
u,431023275,cc-set359,産休 お菓子 あいさつ Babyメッセージクッキー 新デザイン登場 個包装 30枚セット,NULL,NULL,NULL,
u,431023276,cc-set358,産休 お菓子 あいさつ Babyメッセージクッキー 新デザイン登場 個包装 15枚セット,NULL,NULL,NULL,
u,431023477,cc-set360,産休 お菓子 あいさつ Babyメッセージクッキー 新デザイン登場 個包装 お得な45枚セット,NULL,NULL,NULL,
u,431024210,cc-set361,産休 お菓子 あいさつ 出産準備のためお休みをいただきますメッセージクッキー 新デザイン登場 個包装で配りやすい 15枚セット,NULL,NULL,NULL,
u,431024352,cc-set362,産休 お菓子 あいさつ 出産準備のためお休みをいただきますメッセージクッキー 新デザイン登場 個包装で配りやすい 30枚セット,NULL,NULL,NULL,
u,431025742,cc-set363,産休 お菓子 あいさつ 出産準備のためお休みをいただきますメッセージクッキー 新デザイン登場 個包装で配りやすい お得な45枚セット,NULL,NULL,NULL,
u,431025769,cc-set364,産休 お菓子 あいさつ 動物メッセージクッキー 新デザイン登場 個包装で配りやすい 15枚セット,NULL,NULL,NULL,
u,431025817,cc-set365,産休 お菓子 あいさつ 動物メッセージクッキー 新デザイン登場 個包装で配りやすい 30枚セット,NULL,NULL,NULL,
u,431025825,cc-set366,産休 お菓子 あいさつ 動物メッセージクッキー 新デザイン登場 個包装で配りやすい お得な45枚セット,NULL,NULL,NULL,
u,431025856,cc-set367,産休 ご挨拶 お菓子 産休を頂きますメッセージクッキー 個包装で配りやすい 15枚セット 人気のデザインから新規セットA登場,NULL,NULL,NULL,
u,431025880,cc-set368,産休 ご挨拶 お菓子 産休を頂きますメッセージクッキー 個包装で配りやすい 30枚セット 人気のデザインから新規セットA登場,NULL,NULL,NULL,
u,431026240,cc-set369,産休 ご挨拶 お菓子 産休を頂きますメッセージクッキー 個包装で配りやすい お得な45枚セット 人気のデザインから新規セットA登場,NULL,NULL,NULL,
u,431027047,cc-set370,産休 ご挨拶 お菓子 産休を頂きますメッセージクッキー 個包装で配りやすい 15枚セット 人気のデザインから新規セットB登場,NULL,NULL,NULL,
u,431029056,cc-set371,産休 ご挨拶 お菓子 産休を頂きますメッセージクッキー 個包装で配りやすい 30枚セット 人気のデザインから新規セットB登場,NULL,NULL,NULL,
u,431029234,cc-set372,産休 ご挨拶 お菓子 産休を頂きますメッセージクッキー 個包装で配りやすい お得な45枚セット 人気のデザインから新規セットB登場,NULL,NULL,NULL,
u,431029429,cc-set373,産休 ご挨拶 お菓子 動物メッセージクッキー 個包装で配りやすい 15枚セット 人気のデザインから新規セットA登場,NULL,NULL,NULL,
u,431029468,cc-set374,産休 ご挨拶 お菓子 動物メッセージクッキー 個包装で配りやすい 30枚セット 人気のデザインから新規セットA登場,NULL,NULL,NULL,
u,431037121,cc-set375,産休 ご挨拶 お菓子 動物メッセージクッキー 個包装で配りやすい お得な45枚セット 人気のデザインから新規セットA登場,NULL,NULL,NULL,
u,431037289,cc-set376,産休 ご挨拶 お菓子 動物メッセージクッキー 個包装で配りやすい 15枚セット 人気のデザインから新規セットB登場,NULL,NULL,NULL,
u,431037348,cc-set377,産休 ご挨拶 お菓子 動物メッセージクッキー 個包装で配りやすい 30枚セット 人気のデザインから新規セットB登場,NULL,NULL,NULL,
u,431037340,cc-set378,産休 ご挨拶 お菓子 動物メッセージクッキー 個包装で配りやすい お得な45枚セット 人気のデザインから新規セットB登場,NULL,NULL,NULL,
u,431037604,cc-set379,産休 ご挨拶 お菓子 出産準備のためお休みをいただきます 個包装で配りやすい 15枚セット 人気のデザインから新規セットA登場,NULL,NULL,NULL,
u,431037647,cc-set380,産休 ご挨拶 お菓子 出産準備のためお休みをいただきます 個包装で配りやすい 30枚セット 人気のデザインから新規セットA登場,NULL,NULL,NULL,
u,431037715,cc-set381,産休 ご挨拶 お菓子 出産準備のためお休みをいただきます 個包装で配りやすい お得な45枚セット 人気のデザインから新規セットA登場,NULL,NULL,NULL,
u,431037721,cc-set382,産休 ご挨拶 お菓子 出産準備のためお休みをいただきます 個包装で配りやすい 15枚セット 人気のデザインから新規セットB登場,NULL,NULL,NULL,
u,431037844,cc-set383,産休 ご挨拶 お菓子 出産準備のためお休みをいただきます 個包装で配りやすい 30枚セット 人気のデザインから新規セットB登場,NULL,NULL,NULL,
u,431037866,cc-set384,産休 ご挨拶 お菓子 出産準備のためお休みをいただきます 個包装で配りやすい お得な45枚セット 人気のデザインから新規セットB登場,NULL,NULL,NULL,
u,432374921,tenku-fondant4,送料無料  濃厚 とろけるフォンダンショコラ4号 フランス産チョコレート70％使用！ ギフト お菓子 　,NULL,NULL,NULL,
u,432381354,cc-set385,産休 お菓子 職場 あいさつに 花メッセージクッキー15枚セット 箱入り お礼 ギフト ショークッキー,NULL,NULL,NULL,
u,432381560,cc-set386,産休 お菓子 職場 あいさつに 花メッセージクッキー30枚セット 箱入り お礼 ギフト ショークッキー,NULL,NULL,NULL,
u,432382761,cc-set387,産休 お菓子 職場 あいさつに 花メッセージクッキー45枚セット 箱入り お礼 ギフト ショークッキー,NULL,NULL,NULL,
u,432383081,cc-set388,産休 お菓子 職場 あいさつに おもちゃA メッセージクッキー15枚セット 箱入り お礼 ギフト ショークッキー,NULL,NULL,NULL,
u,432383265,cc-set389,産休 お菓子 職場 あいさつに おもちゃA メッセージクッキー30枚セット 箱入り お礼 ギフト ショークッキー,NULL,NULL,NULL,
u,432383304,cc-set390,産休 お菓子 職場 あいさつに おもちゃA メッセージクッキー45枚セット 箱入り お礼 ギフト ショークッキー,NULL,NULL,NULL,
u,432383315,cc-set391,産休 お菓子 職場 あいさつに おもちゃB メッセージクッキー15枚セット 箱入り お礼 ギフト ショークッキー,NULL,NULL,NULL,
u,432383320,cc-set392,産休 お菓子 職場 あいさつに おもちゃB メッセージクッキー30枚セット 箱入り お礼 ギフト ショークッキー,NULL,NULL,NULL,
u,432383985,cc-set393,産休 お菓子 職場 あいさつに おもちゃB メッセージクッキー45枚セット 箱入り お礼 ギフト ショークッキー,NULL,NULL,NULL,
u,432385386,cc-set394,産休 お菓子 職場 あいさつに 動物の親子A メッセージクッキー15枚セット 箱入り お礼 ギフト ショークッキー,NULL,NULL,NULL,
u,432385387,cc-set395,産休 お菓子 職場 あいさつに 動物の親子A メッセージクッキー30枚セット 箱入り お礼 ギフト ショークッキー,NULL,NULL,NULL,
u,432386282,cc-set396,産休 お菓子 職場 あいさつに 動物の親子A メッセージクッキー45枚セット 箱入り お礼 ギフト ショークッキー,NULL,NULL,NULL,
u,432386497,cc-set397,産休 お菓子 職場 あいさつに 赤ちゃん メッセージクッキー15枚セット 箱入り お礼 ギフト ショークッキー,NULL,NULL,NULL,
u,432387802,cc-set398,産休 お菓子 職場 あいさつに 赤ちゃん メッセージクッキー30枚セット 箱入り お礼 ギフト ショークッキー,NULL,NULL,NULL,
u,432387846,cc-set399,産休 お菓子 職場 あいさつに 赤ちゃん メッセージクッキー45枚セット 箱入り お礼 ギフト ショークッキー,NULL,NULL,NULL,
u,432387863,cc-set400,産休 お菓子 職場 あいさつに 動物の親子B メッセージクッキー15枚セット 箱入り お礼 ギフト ショークッキー,NULL,NULL,NULL,
u,432387924,cc-set401,産休 お菓子 職場 あいさつに 動物の親子B メッセージクッキー30枚セット 箱入り お礼 ギフト ショークッキー,NULL,NULL,NULL,
u,432387929,cc-set402,産休 お菓子 職場 あいさつに 動物の親子B メッセージクッキー45枚セット 箱入り お礼 ギフト ショークッキー,NULL,NULL,NULL,
u,432388741,cc-set403,転勤 退職 お礼 お菓子 メッセージクッキー15枚セット 箱入り ご挨拶 ギフト 送料無料 個包装 大変お世話になりました,NULL,NULL,NULL,
u,432389457,cc-set404,転勤 退職 お礼 お菓子 メッセージクッキー30枚セット 箱入り ご挨拶 ギフト 送料無料 個包装 大変お世話になりました,NULL,NULL,NULL,
u,432389486,cc-set405,転勤 退職 お礼 お菓子 メッセージクッキー45枚セット 箱入り ご挨拶 ギフト 送料無料 個包装 大変お世話になりました,NULL,NULL,NULL,
u,432389491,cc-set406,転勤 退職 お礼 お菓子 メッセージクッキー15枚セット 箱入り ご挨拶 ギフト 送料無料 個包装 動物 お世話になりました,NULL,NULL,NULL,
u,432389494,cc-set407,転勤 退職 お礼 お菓子 メッセージクッキー30枚セット 箱入り ご挨拶 ギフト 送料無料 個包装 動物 お世話になりました,NULL,NULL,NULL,
u,432389560,cc-set408,転勤 退職 お礼 お菓子 メッセージクッキー45枚セット 箱入り ご挨拶 ギフト 送料無料 個包装 動物 お世話になりました,NULL,NULL,NULL,
u,432389561,cc-set409,転勤 退職 お礼 お菓子 メッセージクッキー15枚セット 箱入り ご挨拶 ギフト 送料無料 個包装,NULL,NULL,NULL,
u,432389795,cc-set410,転勤 退職 お礼 お菓子 メッセージクッキー30枚セット 箱入り ご挨拶 ギフト 送料無料 個包装,NULL,NULL,NULL,
u,432389846,cc-set411,転勤 退職 お礼 お菓子 メッセージクッキ45枚セット 箱入り ご挨拶 ギフト 送料無料 個包装,NULL,NULL,NULL,
u,432389902,cc-set412,転勤 退職 お礼 お菓子 男性 メッセージクッキー15枚セット 箱入り ご挨拶 ギフト 送料無料 個包装,NULL,NULL,NULL,
u,432389945,cc-set413,転勤 退職 お礼 お菓子 男性 メッセージクッキー30枚セット 箱入り ご挨拶 ギフト 送料無料 個包装,NULL,NULL,NULL,
u,432389941,cc-set414,転勤 退職 お礼 お菓子 男性 メッセージクッキー45枚セット 箱入り ご挨拶 ギフト 送料無料 個包装,NULL,NULL,NULL,
u,432390677,cc-set415,転勤 退職 お礼 お菓子 メッセージクッキー15枚セット 箱入り ご挨拶 ギフト 送料無料 個包装,NULL,NULL,NULL,
u,432390721,cc-set416,転勤 退職 お礼 お菓子 メッセージクッキー30枚セット 箱入り ご挨拶 ギフト 送料無料 個包装,NULL,NULL,NULL,
u,432390722,cc-set417,転勤 退職 お礼 お菓子 メッセージクッキー45枚セット 箱入り ご挨拶 ギフト 送料無料 個包装,NULL,NULL,NULL,
u,432391033,cc-set418,転勤 退職 お礼 お菓子 動物 ハート メッセージクッキー15枚セット 箱入り ご挨拶 ギフト 送料無料 個包装,NULL,NULL,NULL,
u,432391098,cc-set419,転勤 退職 お礼 お菓子 動物 ハート メッセージクッキー30枚セット 箱入り ご挨拶 ギフト 送料無料 個包装,NULL,NULL,NULL,
u,432391631,cc-set420,転勤 退職 お礼 お菓子 動物 ハート メッセージクッキー45枚セット 箱入り ご挨拶 ギフト 送料無料 個包装,NULL,NULL,NULL,
u,432392046,cc-set421,転勤 退職 お礼 お菓子 動物 メッセージクッキー15枚セット 箱入り ご挨拶 ギフト 送料無料 個包装,NULL,NULL,NULL,
u,432392037,cc-set422,転勤 退職 お礼 お菓子 動物 メッセージクッキー30枚セット 箱入り ご挨拶 ギフト 送料無料 個包装,NULL,NULL,NULL,
u,432392039,cc-set423,転勤 退職 お礼 お菓子 動物 メッセージクッキー45枚セット 箱入り ご挨拶 ギフト 送料無料 個包装,NULL,NULL,NULL,
u,432392186,cc-set424,卒業 お礼 卒業おめでとう 配りやすい個包装 15枚セット ギフトボックス入り,NULL,NULL,NULL,
u,432392208,cc-set425,卒業 お礼 卒業おめでとう 配りやすい個包装 30枚セット ギフトボックス入り,NULL,NULL,NULL,
u,432392209,cc-set426,卒業 お礼 卒業おめでとう 配りやすい個包装 45枚セット ギフトボックス入り,NULL,NULL,NULL,
u,432392273,cc-set427,卒業 お礼 動物　卒業おめでとう 配りやすい個包装 15枚セット ギフトボックス入り,NULL,NULL,NULL,
u,432392309,cc-set428,卒業 お礼 動物　卒業おめでとう 配りやすい個包装 30枚セット ギフトボックス入り,NULL,NULL,NULL,
u,432392361,cc-set429,卒業 お礼 動物　卒業おめでとう 配りやすい個包装 45枚セット ギフトボックス入り,NULL,NULL,NULL,
u,432392446,cc-set430,卒業 お礼　卒業おめでとう 配りやすい個包装 15枚セット ギフトボックス入り,NULL,NULL,NULL,
u,432392605,cc-set431,卒業 お礼　卒業おめでとう 配りやすい個包装 30枚セット ギフトボックス入り,NULL,NULL,NULL,
u,432392611,cc-set432,卒業 お礼　卒業おめでとう 配りやすい個包装 45枚セット ギフトボックス入り,NULL,NULL,NULL,
u,432392903,cc-set433,誕生日 お菓子 メッセージクッキーお得な15枚セット 箱入り お礼 プチギフト 個包装,NULL,NULL,NULL,
u,432392924,cc-set434,誕生日 お菓子 メッセージクッキーお得な30枚セット 箱入り お礼 プチギフト 個包装,NULL,NULL,NULL,
u,432392992,cc-set435,誕生日 お菓子 メッセージクッキーお得な45枚セット 箱入り お礼 プチギフト 個包装,NULL,NULL,NULL,
u,432393076,cc-set436,誕生日 お菓子 ねこ メッセージクッキーお得な15枚セット 箱入り お礼 プチギフト 個包装,NULL,NULL,NULL,
u,432393109,cc-set437,誕生日 お菓子 ねこ メッセージクッキーお得な30枚セット 箱入り お礼 プチギフト 個包装,NULL,NULL,NULL,
u,432393077,cc-set438,誕生日 お菓子 ねこ メッセージクッキーお得な46枚セット 箱入り お礼 プチギフト 個包装,NULL,NULL,NULL,
u,446116742,locabo-chocolate-roll-h,送料無料 低糖質生チョコロール ハーフサイズ プレゼント 誕生日ギフト人気のお取り寄せ 糖質制限 ダイエット スイーツ お菓子,NULL,NULL,NULL,
u,449422620,souffle-birthday,送料無料 天空のチーズケーキバースデー 5号サイズ スフレ   人気のお取り寄せ スイーツ 誕生日 プレゼント  お菓子  クリスマス お歳暮,NULL,NULL,NULL,NULL
u,449422980,rikyu-birthday,送料無料 天空のチーズケーキ利休抹茶 バースデー 5号サイズ  人気のお取り寄せ スイーツ 誕生日 プレゼント   お菓子 クリスマス お歳暮 ,NULL,NULL,NULL,NULL
u,453930838,fuku-focetta,送料無料 大人気商品全部入 focetta福詰め合わせセット プリン スフレチーズケーキ 低糖質生チョコレート クリスマス お歳暮 ギフト,NULL,NULL,NULL,
u,453931482,souffle-assoeted-set,送料無料 天空のチーズケーキ・天空のプリンセット詰合せ　プリン5個入り お菓子  クリスマス お歳暮,NULL,NULL,NULL,
u,453982411,souffle-set,送料無料 大人気の天空のチーズケーキ食べ比べセット プレーン 抹茶 クリスマス お歳暮　ギフト,NULL,NULL,NULL,
u,466655641,bd-rc-locabo,送料無料 ひんやり濃厚 低糖質バースデーレアチーズケーキ4号(12cm)　1〜2名用　ロカボ ギルトフリー　低糖質　ダイエット,NULL,NULL,NULL,NULL
u,466655680,bd-rc-locabo5,送料無料 ひんやり濃厚 低糖質バースデーレアチーズケーキ5号(15cm)　4〜6名用　ロカボ ギルトフリー　低糖質　ダイエット,NULL,NULL,NULL,NULL
u,474740902,sg-cset001,七五三スイーツセット(男の子セット) 天空のチーズケーキ+七五三クッキー15枚 送料無料 お菓子,NULL,NULL,NULL,
u,474742049,sg-cset002,七五三スイーツセット(女の子セット) 天空のチーズケーキ+七五三クッキー15枚 送料無料 お菓子,NULL,NULL,NULL,
u,474742212,sg-cset003,七五三スイーツセット(男女セット) 天空のチーズケーキ+七五三クッキー15枚 送料無料 お菓子,NULL,NULL,NULL,
u,474742988,sg-cset004,七五三スイーツセット(男の子セット) フォンダンショコラ4号+七五三クッキー15枚 送料無料 お菓子,NULL,NULL,NULL,
u,474748982,sg-cset005,七五三スイーツセット(女の子セット) フォンダンショコラ4号+七五三クッキー15枚 送料無料 お菓子,NULL,NULL,NULL,
u,474750610,sg-cset006,七五三スイーツセット(男女セット) フォンダンショコラ4号+七五三クッキー15枚 送料無料 お菓子,NULL,NULL,NULL,
u,474750820,sg-cset007,七五三スイーツセット(男の子セット) 低糖質レアチーズケーキ4号+七五三クッキー15枚 送料無料 お菓子,NULL,NULL,NULL,
u,474750844,sg-cset008,七五三スイーツセット(女の子セット) 低糖質レアチーズケーキ4号+七五三クッキー15枚 送料無料 お菓子,NULL,NULL,NULL,
u,474750855,sg-cset009,七五三スイーツセット(男女セット) 低糖質レアチーズケーキ4号+七五三クッキー15枚 送料無料 お菓子,NULL,NULL,NULL,
u,474757512,sg-mset001,七五三スイーツセット(男の子セット) 天空のチーズケーキ+七五三マカロン15個 送料無料 お菓子,NULL,NULL,NULL,
u,474759531,sg-mset002,七五三スイーツセット(女の子セット) 天空のチーズケーキ+七五三マカロン15個 送料無料 お菓子,NULL,NULL,NULL,
u,474761545,sg-mset003,七五三スイーツセット(男女セット) 天空のチーズケーキ+七五三マカロン15個 送料無料 お菓子,NULL,NULL,NULL,
u,474762428,sg-mset004,七五三スイーツセット(男の子セット) フォンダンショコラ4号+七五三マカロン15個 送料無料 お菓子,NULL,NULL,NULL,
u,474765202,sg-mset005,七五三スイーツセット(女の子セット) フォンダンショコラ4号+七五三マカロン15個 送料無料 お菓子,NULL,NULL,NULL,
u,474765297,sg-mset006,七五三スイーツセット(男女セット) フォンダンショコラ4号+七五三マカロン15個 送料無料 お菓子,NULL,NULL,NULL,
u,474767605,sg-mset007,七五三スイーツセット(男の子セット) 低糖質レアチーズケーキ4号+七五三マカロン15個 送料無料 お菓子,NULL,NULL,NULL,
u,474767688,sg-mset008,七五三スイーツセット(女の子セット) 低糖質レアチーズケーキ4号+七五三マカロン15個 送料無料 お菓子,NULL,NULL,NULL,
u,474768706,sg-mset009,七五三スイーツセット(男女セット) 低糖質レアチーズケーキ4号+七五三マカロン15個 送料無料 お菓子,NULL,NULL,NULL,
