ctrlCol,lotNumber,itemCode,itemName,deliveryLeadtimeId,itemOption1,itemOption2,itemOption3,itemOption4,itemOption5,itemOption6,itemOption7,itemOption8,itemOption9,itemOption10,itemOption11,itemOption12,itemOption13,itemOption14,itemOption15,itemOption16,itemOption17,itemOption18,itemOption19,itemOption20
U,342523817,cc-set171,退職 お礼 お菓子 メッセージクッキー どうぶつたちのお礼セット(30枚入) お祝い プチギフト お,NULL,あす着配送の注意事項について:確認しました(商品ページの記載バナーを確認しました）,NULL,,,,,,,,,,,,,,,,,,
U,342526520,cc-set170,退職 お菓子 メッセージクッキー どうぶつたちのお礼セット(15枚入) お祝い プチギフト ショー,NULL,あす着配送の注意事項について:確認しました(商品ページの記載バナーを確認しました）,NULL,,,,,,,,,,,,,,,,,,
U,342526630,locabo-strawberry-roll,送料無料 乳酸菌配合　低糖質　完熟いちごロールケーキ 女子会 ロカボ ギフト 贈り物 内祝い 　母の日,,,,,,,,,,,,,,,,,,,,,
U,342526685,cc-set177,退職 お礼 ねこメッセージクッキー30枚セット(箱入り)転勤 ギフト・ショークッキー　個包装　個別包装,,あす着配送の注意事項について:確認しました(商品ページの記載バナーを確認しました）,,,,,,,,,,,,,,,,,,,
U,345426379,10001845,インスタクッキー　パーティー　女子会　仮装,,,,,,,,,,,,,,,,,,,,,
U,345426400,cc-01,メッセージクッキーありがとう(ウサギとクマ)お礼・プチギフト,,,,,,,,,,,,,,,,,,,,,
U,345426382,cc-02,メッセージクッキーありがとう(男の子・女の子)プチギフト,,,,,,,,,,,,,,,,,,,,,
U,345426403,cc-03,メッセージクッキーThank　youお礼・プチギフト,,,,,,,,,,,,,,,,,,,,,
U,345426424,cc-033,プリントクッキー（子どもの日）お祝い・プチギフト・ショークッキー,,,,,,,,,,,,,,,,,,,,,
U,345426408,cc-04,メッセージクッキーおつかれさまお礼・プチギフト,,,,,,,,,,,,,,,,,,,,,
U,345426412,cc-05,メッセージクッキーHappy Birthday プチギフト,,,,,,,,,,,,,,,,,,,,,
U,345426406,cc-06,メッセージクッキーおめでとう　お祝い・プチギフト,,,,,,,,,,,,,,,,,,,,,
U,345426427,cc-065,プリントクッキー（子どもの日）お祝い・プチギフト・ショークッキー,,,,,,,,,,,,,,,,,,,,,
U,345426410,cc-066,クッキー（子どもの日）猫とこいのぼり・ショークッキー,,,,,,,,,,,,,,,,,,,,,
U,345426429,cc-067,クッキー（子どもの日）金太郎と可愛い動物達・ショークッキー,,,,,,,,,,,,,,,,,,,,,
U,345426414,cc-068,クッキー（子どもの日）鯉のぼりに乗ったクマ・ショークッキー,,,,,,,,,,,,,,,,,,,,,
U,345426431,cc-069,クッキー（子どもの日）可愛い男の子と鯉のぼり・ショークッキー,,,,,,,,,,,,,,,,,,,,,
U,345426417,cc-07,メッセージクッキーおおきにお礼・プチギフト,,,,,,,,,,,,,,,,,,,,,
U,345426418,cc-070,クッキー（子どもの日）クマとうさぎ・ショークッキー,,,,,,,,,,,,,,,,,,,,,
U,345426941,cc-071,クッキー（子どもの日）かぶとを被った男の子・ショークッキー,,,,,,,,,,,,,,,,,,,,,
U,345426946,cc-072,クッキー子どもの日にぴったりな英語のメッセージスイーツ・ショークッキー,,,,,,,,,,,,,,,,,,,,,
U,345426948,cc-073,クッキー子どもの日にぴったりな英語のメッセージスイーツ・ショークッキー,,,,,,,,,,,,,,,,,,,,,
U,345426951,cc-074,クッキー（子どもの日）5匹の鯉のぼり・ショークッキー,,,,,,,,,,,,,,,,,,,,,
U,345426954,cc-08,メッセージクッキー好きやねん大阪　お礼・プチギフト,,,,,,,,,,,,,,,,,,,,,
U,345426920,cc-09,メッセージクッキー好き　お礼・プチギフト,,,,,,,,,,,,,,,,,,,,,
U,345426923,cc-10,メッセージクッキー（Fight !!）応援・プチギフト,,,,,,,,,,,,,,,,,,,,,
U,345426993,cc-108,メッセージクッキーHAPPY WEDDING-1結婚式,,,,,,,,,,,,,,,,,,,,,
U,345426969,cc-109,メッセージクッキーHAPPY WEDDING-2結婚式,,,,,,,,,,,,,,,,,,,,,
U,345426991,cc-11,メッセージクッキー（Good Luck !!） プチギフト,,,,,,,,,,,,,,,,,,,,,
U,345426996,cc-110,メッセージクッキーHAPPY WEDDING-3結婚式,,,,,,,,,,,,,,,,,,,,,
U,345427003,cc-111,メッセージクッキーHAPPY WEDDING-4結婚式,,,,,,,,,,,,,,,,,,,,,
U,345427006,cc-112,メッセージクッキーThank You For Your Coming!,,,,,,,,,,,,,,,,,,,,,
U,345426999,cc-113,メッセージクッキーThank you for your coming,,,,,,,,,,,,,,,,,,,,,
U,345427010,cc-114,メッセージクッキーThank you 結婚式・披露宴,,,,,,,,,,,,,,,,,,,,,
U,345426977,cc-115,Congrats!おめでとうを伝えるメッセージクッキー,,,,,,,,,,,,,,,,,,,,,
U,345427007,cc-116,HAPPY BABY-2おめでとうを伝えるメッセージクッキー,,,,,,,,,,,,,,,,,,,,,
U,345427013,cc-117,HAPPY BABY-3おめでとうを伝えるメッセージクッキー,,,,,,,,,,,,,,,,,,,,,
U,345427012,cc-118,HAPPY BABY-4おめでとうを伝えるメッセージクッキー,,,,,,,,,,,,,,,,,,,,,
U,345427014,cc-119,クッキーHello Sweet Baby-出産おめでとう,,,,,,,,,,,,,,,,,,,,,
U,345427015,cc-12,メッセージクッキーお世話になりました　お礼・プチギフト,,,,,,,,,,,,,,,,,,,,,
U,345427017,cc-120,メッセージクッキーHello Sweet Babyおめでとう,,,,,,,,,,,,,,,,,,,,,
U,345427018,cc-121,Its a boy!おめでとうを伝えるメッセージクッキー,,,,,,,,,,,,,,,,,,,,,
U,345427016,cc-122,Its a girl!おめでとうを伝えるメッセージクッキー,,,,,,,,,,,,,,,,,,,,,
U,345427021,cc-123,ご出産おめでとう!　おめでとうを伝えるメッセージクッキー,,,,,,,,,,,,,,,,,,,,,
U,345427020,cc-124,メッセージクッキーご出産おめでとうございます-2,,,,,,,,,,,,,,,,,,,,,
U,345427019,cc-125,メッセージクッキーご出産おめでとうございます,,,,,,,,,,,,,,,,,,,,,
U,345427023,cc-126,出産おめでとう　おめでとうを伝えるメッセージクッキー,,,,,,,,,,,,,,,,,,,,,
U,345427022,cc-127,メッセージクッキーHappy Wedding(flower ring),,,,,,,,,,,,,,,,,,,,,
U,345427024,cc-128,メッセージクッキーHappy Wedding(ネコ),,,,,,,,,,,,,,,,,,,,,
U,345427025,cc-129,メッセージクッキーHappy Wedding(トリ),,,,,,,,,,,,,,,,,,,,,
U,345427026,cc-13,メッセージクッキーイイネ!!　応援・プチギフト,,,,,,,,,,,,,,,,,,,,,
U,345427038,cc-15,メッセージクッキーこれからもよろしくね(虹)お礼・プチギフト,,,,,,,,,,,,,,,,,,,,,
U,345427040,cc-151,メッセージクッキーCONGRATS HAPPYDAY　お祝い・プチギフト,,,,,,,,,,,,,,,,,,,,,
U,345427039,cc-152,メッセージクッキーCongrats　お祝い・プチギフト,,,,,,,,,,,,,,,,,,,,,
U,345427041,cc-153,メッセージクッキーCONGRATULATION HAPPYDAY　お祝い・プチギフト,,,,,,,,,,,,,,,,,,,,,
U,345427043,cc-154,メッセージクッキーおめでとう(クマ)　お祝い・プチギフト,,,,,,,,,,,,,,,,,,,,,
U,345427042,cc-155,メッセージクッキーおめでとうございます　お祝い・プチギフト,,,,,,,,,,,,,,,,,,,,,
U,345427045,cc-156,メッセージクッキーおめでとうございます2　お祝い・プチギフト,,,,,,,,,,,,,,,,,,,,,
U,345427047,cc-157,メッセージクッキーおめでとうございます3　お祝い・プチギフト,,,,,,,,,,,,,,,,,,,,,
U,345427050,cc-158,メッセージクッキーおめでとうございます4　お祝い・プチギフト,,,,,,,,,,,,,,,,,,,,,
U,345427044,cc-159,メッセージクッキー祝　お祝い・プチギフト,,,,,,,,,,,,,,,,,,,,,
U,345427049,cc-16,メッセージクッキー（ごめんなさい）お詫び・プチギフト,,,,,,,,,,,,,,,,,,,,,
U,345427053,cc-160,メッセージクッキー祝2　お祝い・プチギフト,,,,,,,,,,,,,,,,,,,,,
U,345427046,cc-161,メッセージクッキーYou Can Do It!　応援・プチギフト,,,,,,,,,,,,,,,,,,,,,
U,345427052,cc-162,メッセージクッキーgoodluck　応援・プチギフト,,,,,,,,,,,,,,,,,,,,,
U,345427055,cc-163,メッセージクッキーGoodLuck with love　応援・プチギフト,,,,,,,,,,,,,,,,,,,,,
U,345427048,cc-164,メッセージクッキーGoodLuck with your life　応援・プチギフト,,,,,,,,,,,,,,,,,,,,,
U,345427054,cc-165,メッセージクッキーいつも応援してるよ!　応援・プチギフト,,,,,,,,,,,,,,,,,,,,,
U,345427057,cc-166,メッセージクッキー頑張ってください！　応援・プチギフト,,,,,,,,,,,,,,,,,,,,,
U,345427056,cc-167,メッセージクッキーGoodjob!　応援・プチギフト,,,,,,,,,,,,,,,,,,,,,
U,345427058,cc-168,メッセージクッキーがんばれ！　応援・プチギフト,,,,,,,,,,,,,,,,,,,,,
U,345427051,cc-169,メッセージクッキーがんばってね！　応援・プチギフト,,,,,,,,,,,,,,,,,,,,,
U,345427060,cc-17,メッセージクッキー（Sorry…）お詫び・プチギフト,,,,,,,,,,,,,,,,,,,,,
U,345427059,cc-170,メッセージクッキー応援してるよ！　応援・プチギフト,,,,,,,,,,,,,,,,,,,,,
U,345427061,cc-171,メッセージクッキー頑張れ！　応援・プチギフト,,,,,,,,,,,,,,,,,,,,,
U,345427063,cc-172,メッセージクッキーthank you プチギフト,,,,,,,,,,,,,,,,,,,,,
U,345427062,cc-173,メッセージクッキーthank you2 プチギフト,,,,,,,,,,,,,,,,,,,,,
U,345427065,cc-174,メッセージクッキー感謝 プチギフト,,,,,,,,,,,,,,,,,,,,,
U,345427064,cc-175,メッセージクッキーありがとう お礼・プチギフト,,,,,,,,,,,,,,,,,,,,,
U,345427069,cc-176,メッセージクッキーお世話になりました2　お礼・プチギフト,,,,,,,,,,,,,,,,,,,,,
U,345427066,cc-177,メッセージクッキーお世話になりました3　お礼・プチギフト,,,,,,,,,,,,,,,,,,,,,
U,345427067,cc-178,メッセージクッキー産休をいただきます　お礼・プチギフト,,,,,,,,,,,,,,,,,,,,,
U,345427072,cc-179,メッセージクッキーこれからもよろしくお願いします　お礼・プチギフト,,,,,,,,,,,,,,,,,,,,,
U,345427073,cc-180,メッセージクッキーお世話になりました4　お礼・プチギフト,,,,,,,,,,,,,,,,,,,,,
U,345427070,cc-181,メッセージクッキーAlways Love You　お礼・プチギフト,,,,,,,,,,,,,,,,,,,,,
U,345427071,cc-182,メッセージクッキーI LOVE YOU　お礼・プチギフト,,,,,,,,,,,,,,,,,,,,,
U,345427074,cc-183,メッセージクッキーI LOVE YOU2　お礼・プチギフト,,,,,,,,,,,,,,,,,,,,,
U,345427078,cc-184,メッセージクッキーI LOVE YOU3　お礼・プチギフト,,,,,,,,,,,,,,,,,,,,,
U,345427076,cc-185,メッセージクッキーI LOVE YOU4　お礼・プチギフト,,,,,,,,,,,,,,,,,,,,,
U,345427079,cc-186,メッセージクッキーI LOVE YOU5　お礼・プチギフト,,,,,,,,,,,,,,,,,,,,,
U,345427077,cc-187,メッセージクッキーだいすきだよ　お礼・プチギフト,,,,,,,,,,,,,,,,,,,,,
U,345427083,cc-188,メッセージクッキーだいすきだよ2　お礼・プチギフト,,,,,,,,,,,,,,,,,,,,,
U,345427080,cc-189,メッセージクッキー君だけがすき　お礼・プチギフト,,,,,,,,,,,,,,,,,,,,,
U,345427084,cc-192,メッセージクッキー MerryChristmas(トナカイ) お礼・プチギフト,,,,,,,,,,,,,,,,,,,,,
U,345427085,cc-194,メッセージクッキー Trick or treat(黒猫) お祝い・プチギフト,,,,,,,,,,,,,,,,,,,,,
U,345427092,cc-198,メッセージクッキーお疲れ様でした　お礼・プチギフト,,,,,,,,,,,,,,,,,,,,,
U,345427089,cc-199,メッセージクッキーThankyou for everything　お礼・プチギフト,,,,,,,,,,,,,,,,,,,,,
U,345427091,cc-200,メッセージクッキーThankyou so much for everything　お礼・プチギフト,,,,,,,,,,,,,,,,,,,,,
U,345427093,cc-201,メッセージクッキーありがとうございました　お礼・プチギフト,,,,,,,,,,,,,,,,,,,,,
U,345427098,cc-202,メッセージクッキーありがとうございました2 お礼・プチギフト,,,,,,,,,,,,,,,,,,,,,
U,345427097,cc-203,メッセージクッキーお世話になりました5　お礼・プチギフト,,,,,,,,,,,,,,,,,,,,,
U,345427100,cc-204,メッセージクッキーお世話になりました6　お礼・プチギフト,,,,,,,,,,,,,,,,,,,,,
U,345427094,cc-205,メッセージクッキーお世話になりました7　お礼・プチギフト,,,,,,,,,,,,,,,,,,,,,
U,345427102,cc-206,メッセージクッキーお世話になりました7　お礼・プチギフト,,,,,,,,,,,,,,,,,,,,,
U,345427095,cc-207,メッセージクッキー今までありがとうございました　お礼・プチギフト,,,,,,,,,,,,,,,,,,,,,
U,345427101,cc-208,メッセージクッキー長い間お疲れ様でした　お礼・プチギフト,,,,,,,,,,,,,,,,,,,,,
U,345427103,cc-211,メッセージクッキー（いつまでもお元気で）感謝・プチギフト・ショークッキー,,,,,,,,,,,,,,,,,,,,,
U,345427106,cc-212,メッセージクッキー（いつまでも元気でいてね）感謝・プチギフト・ショークッキー,,,,,,,,,,,,,,,,,,,,,
U,345427099,cc-213,メッセージクッキー（いつまでも元気でいてね2）感謝・プチギフト・ショークッキー,,,,,,,,,,,,,,,,,,,,,
U,345427105,cc-214,メッセージクッキー（いつもありがとう）感謝・プチギフト・ショークッキー,,,,,,,,,,,,,,,,,,,,,
U,345427464,cc-215,メッセージクッキー（おじいちゃんいつもありがとう）感謝・プチギフト・ショークッキー,,,,,,,,,,,,,,,,,,,,,
U,345427442,cc-216,メッセージクッキー（おじいちゃんおばあちゃん大好き）感謝・プチギフト・ショークッキー,,,,,,,,,,,,,,,,,,,,,
U,345427443,cc-217,メッセージクッキー（おばあちゃんいつもありがとう）感謝・プチギフト・ショークッキー,,,,,,,,,,,,,,,,,,,,,
U,345427469,cc-218,メッセージクッキー（これからもずっと元気で）感謝・プチギフト・ショークッキー,,,,,,,,,,,,,,,,,,,,,
U,345427467,cc-221,メッセージクッキー（Sorry）お詫び・プチギフト,,,,,,,,,,,,,,,,,,,,,
U,345427472,cc-222,メッセージクッキー（ごめん）お詫び・プチギフト,,,,,,,,,,,,,,,,,,,,,
U,345427471,cc-223,メッセージクッキー（ごめんなさい）お詫び・プチギフト,,,,,,,,,,,,,,,,,,,,,
U,345427476,cc-224,メッセージクッキー（ごめんなさい2）お詫び・プチギフト,,,,,,,,,,,,,,,,,,,,,
U,345427473,cc-225,メッセージクッキー（ごめんねごめんね）お詫び・プチギフト,,,,,,,,,,,,,,,,,,,,,
U,345427480,cc-226,メッセージクッキー（ごめんね）お詫び・プチギフト,,,,,,,,,,,,,,,,,,,,,
U,345427477,cc-227,メッセージクッキー（申し訳ございません）お詫び・プチギフト,,,,,,,,,,,,,,,,,,,,,
U,345427479,cc-228,メッセージクッキー（申し訳ございません2）お詫び・プチギフト,,,,,,,,,,,,,,,,,,,,,
U,345427749,cc-24,プリントクッキー（本命）お礼・プチギフト・ショークッキー,,,,,,,,,,,,,,,,,,,,,
U,345427758,cc-247,メッセージクッキー Happy Christmas! お礼・プチギフト,,,,,,,,,,,,,,,,,,,,,
U,345427761,cc-25,プリントクッキー（義理）お礼・プチギフト・ショークッキー,,,,,,,,,,,,,,,,,,,,,
U,345427764,cc-252,メッセージクッキー Lovely Christmas お礼・プチギフト,,,,,,,,,,,,,,,,,,,,,
U,345427767,cc-255,メッセージクッキー Happy Christmas2 お礼・プチギフト,,,,,,,,,,,,,,,,,,,,,
U,345427768,cc-257,メッセージクッキー Happy Christmas お礼・プチギフト,,,,,,,,,,,,,,,,,,,,,
U,345427770,cc-26,プリントクッキー（見返リ求ム）お礼・プチギフト・ショークッキー,,,,,,,,,,,,,,,,,,,,,
U,345427790,cc-28,プリントクッキー（Happy Whiteday）お礼・プチギフト・ショークッキー,,,,,,,,,,,,,,,,,,,,,
U,345427795,cc-283,プリントクッキー（3.14 WHITEDAY-1）ホワイトデーお返し 子供　小学生　w_バラマキ,,,,,,,,,,,,,,,,,,,,,
U,345427797,cc-284,プリントクッキー（3.14 WHITEDAY-2）ホワイトデーお返し 子供　小学生　w_バラマキ,,,,,,,,,,,,,,,,,,,,,
U,345427796,cc-285,プリントクッキー（3.14 WHITEDAY-3）ホワイトデーお返し 子供　小学生　w_バラマキ,,,,,,,,,,,,,,,,,,,,,
U,345427800,cc-287,プリントクッキー（HAPPY WHITEDAY-1）ホワイトデーお返し 子供　小学生　w_バラマキ,,,,,,,,,,,,,,,,,,,,,
U,345427799,cc-288,プリントクッキー（HAPPY WHITEDAY-2）ホワイトデーお返し 子供　小学生　w_バラマキ,,,,,,,,,,,,,,,,,,,,,
U,345427801,cc-289,プリントクッキー（HAPPY WHITEDAY-3）ホワイトデーお返し 子供　小学生　w_バラマキ,,,,,,,,,,,,,,,,,,,,,
U,345427803,cc-290,プリントクッキー（HAPPY WHITEDAY-4）ホワイトデーお返し 子供　小学生　w_バラマキ,,,,,,,,,,,,,,,,,,,,,
U,345427802,cc-291,プリントクッキー（WHITEDAY）ホワイトデーお返し 子供　小学生　w_バラマキ　,,,,,,,,,,,,,,,,,,,,,
U,345427804,cc-292,メッセージクッキーWedding_thankyou(Girl&Boy),,,,,,,,,,,,,,,,,,,,,
U,345427806,cc-293,メッセージクッキーHappy Wedding(Girl&Boy),,,,,,,,,,,,,,,,,,,,,
U,345427805,cc-294,メッセージクッキーWedding Thankyou和装(Girl&Boy),,,,,,,,,,,,,,,,,,,,,
U,345427807,cc-295,メッセージクッキーHappy Wedding和装(Girl&Boy),,,,,,,,,,,,,,,,,,,,,
U,345427808,cc-296,メッセージクッキーHappy Wedding_寿,,,,,,,,,,,,,,,,,,,,,
U,345427810,cc-297,メッセージクッキーHappy Wedding_祝,,,,,,,,,,,,,,,,,,,,,
U,345427809,cc-298,メッセージクッキーHappy Wedding_ウサギとクマ2,,,,,,,,,,,,,,,,,,,,,
U,345427812,cc-299,メッセージクッキーHappy Wedding_ウサギとクマ3,,,,,,,,,,,,,,,,,,,,,
U,345427811,cc-300,メッセージクッキーHappy Wedding_ウサギとクマ和装,,,,,,,,,,,,,,,,,,,,,
U,345427813,cc-301,メッセージクッキーThankyou_ウェディングケーキ,,,,,,,,,,,,,,,,,,,,,
U,345427815,cc-302,HAPPY BABY-5おめでとうを伝えるメッセージクッキー,,,,,,,,,,,,,,,,,,,,,
U,345427816,cc-303,HAPPY BABY-6おめでとうを伝えるメッセージクッキー,,,,,,,,,,,,,,,,,,,,,
U,345427814,cc-304,メッセージクッキーHappy Birthday(Girl),,,,,,,,,,,,,,,,,,,,,
U,345427819,cc-305,メッセージクッキーHappy Birthday (boy),,,,,,,,,,,,,,,,,,,,,
U,345427820,cc-306,HAPPY BABY-7おめでとうを伝えるメッセージクッキー,,,,,,,,,,,,,,,,,,,,,
U,345427822,cc-307,HAPPY BABY-8おめでとうを伝えるメッセージクッキー,,,,,,,,,,,,,,,,,,,,,
U,345427817,cc-308,メッセージクッキーHappy Birthday (くま),,,,,,,,,,,,,,,,,,,,,
U,345427823,cc-311,メッセージクッキー大変お世話になりました　お礼・プチギフト,,,,,,,,,,,,,,,,,,,,,
U,345427828,cc-312,メッセージクッキーHappy Birthday (くま文字),,,,,,,,,,,,,,,,,,,,,
U,345427826,cc-314,メッセージクッキーBest friend プチギフト,,,,,,,,,,,,,,,,,,,,,
U,345427830,cc-315,メッセージクッキーI LOVE YOU6　お礼・プチギフト,,,,,,,,,,,,,,,,,,,,,
U,345427831,cc-316,メッセージクッキーthank you3 プチギフト,,,,,,,,,,,,,,,,,,,,,
U,345427829,cc-317,メッセージクッキーI LOVE YOU7　お礼・プチギフト,,,,,,,,,,,,,,,,,,,,,
U,345427833,cc-318,メッセージクッキーI LOVE YOU8　お礼・プチギフト,,,,,,,,,,,,,,,,,,,,,
U,345427832,cc-319,メッセージクッキー LOVE お礼・プチギフト,,,,,,,,,,,,,,,,,,,,,
U,345427835,cc-369,メッセージクッキー HAPPY BIRTHDAY TO YOU (ハート-花),,,,,,,,,,,,,,,,,,,,,
U,345427837,cc-370,メッセージクッキー HAPPY BIRTHDAY TO YOU (ハート-女の子),,,,,,,,,,,,,,,,,,,,,
U,345427840,cc-371,メッセージクッキー HAPPY BIRTHDAY TO YOU (ハート-女の子),,,,,,,,,,,,,,,,,,,,,
U,345427839,cc-372,メッセージクッキーHAPPY WEDDING（ハート_くま）お祝い・プチギフト,,,,,,,,,,,,,,,,,,,,,
U,345427834,cc-373,メッセージスイーツHAPPY WEDDING（ハート_教会）お祝い・プチギフト,,,,,,,,,,,,,,,,,,,,,
U,345427911,cc-374,メッセージスイーツHAPPY WEDDING（ハート_くまとうさぎ）お祝い・プチギフト,,,,,,,,,,,,,,,,,,,,,
U,345427910,cc-375,メッセージスイーツHAPPY WEDDING（ハート_男の子と女の子）お祝い・プチギフト,,,,,,,,,,,,,,,,,,,,,
U,345427909,cc-376,メッセージスイーツHAPPY WEDDING（ハート_くまとうさぎ2）お祝い・プチギフト,,,,,,,,,,,,,,,,,,,,,
U,345427917,cc-377,メッセージスイーツHAPPY WEDDING（ハート_寿）お祝い・プチギフト,,,,,,,,,,,,,,,,,,,,,
U,345427918,cc-378,メッセージスイーツ ありがとうございます（ハート_お礼）お祝い・プチギフト,,,,,,,,,,,,,,,,,,,,,
U,345427919,cc-379,メッセージクッキー HAPPY BIRTHDAY TO YOU (ハート-ねこ),,,,,,,,,,,,,,,,,,,,,
U,345427925,cc-380,メッセージクッキー HAPPY BIRTHDAY TO YOU (ハート-くま),,,,,,,,,,,,,,,,,,,,,
U,345427930,cc-381,メッセージクッキー HAPPY BIRTHDAY TO YOU (ハート-ハッピーバースデー),,,,,,,,,,,,,,,,,,,,,
U,345427926,cc-382,メッセージクッキー（HAPPYBABY_ハート01）お祝い・プチギフト,,,,,,,,,,,,,,,,,,,,,
U,345427932,cc-383,メッセージクッキー（HAPPYBABY_ハート02）お祝い・プチギフト,,,,,,,,,,,,,,,,,,,,,
U,345427933,cc-384,メッセージクッキー（Hello Sweet Baby01_ハート）お祝い・プチギフト,,,,,,,,,,,,,,,,,,,,,
U,345427939,cc-385,メッセージクッキー（Hello Sweet Baby02_ハート）お祝い・プチギフト,,,,,,,,,,,,,,,,,,,,,
U,345427938,cc-386,メッセージクッキー（Its a Boy！01ハート）お祝い・プチギフト,,,,,,,,,,,,,,,,,,,,,
U,345427937,cc-387,メッセージクッキー（Its a Boy！02ハート）お祝い・プチギフト,,,,,,,,,,,,,,,,,,,,,
U,345427945,cc-388,メッセージクッキー（Its a Girl！01ハート）お祝い・プチギフト,,,,,,,,,,,,,,,,,,,,,
U,345427943,cc-389,メッセージクッキー（Its a Girl！02ハート）お祝い・プチギフト,,,,,,,,,,,,,,,,,,,,,
U,345427730,cc-390,メッセージクッキーCongrats！02　お祝い・プチギフト,,,,,,,,,,,,,,,,,,,,,
U,345427729,cc-391,メッセージクッキーおめでとうございます5　お祝い・プチギフト,,,,,,,,,,,,,,,,,,,,,
U,345427731,cc-392,メッセージクッキーおめでとうございます6　お祝い・プチギフト,,,,,,,,,,,,,,,,,,,,,
U,345427733,cc-393,メッセージクッキーおめでとうございます7　お祝い・プチギフト,,,,,,,,,,,,,,,,,,,,,
U,345427732,cc-394,メッセージクッキーおめでとうございます8　お祝い・プチギフト,,,,,,,,,,,,,,,,,,,,,
U,345427735,cc-395,メッセージクッキーありがとうございましたお礼・プチギフト,,,,,,,,,,,,,,,,,,,,,
U,345427736,cc-396,メッセージクッキー祝3　お祝い・プチギフト,,,,,,,,,,,,,,,,,,,,,
U,345428445,cc-406,メッセージクッキー出産準備のためお休みをいただきます　お礼・プチギフト,,,,,,,,,,,,,,,,,,,,,
U,345428444,cc-407,メッセージクッキー出産準備のためお休みをいただきます　お礼・プチギフト,,,,,,,,,,,,,,,,,,,,,
U,345427743,cc-408,メッセージクッキー出産準備のためお休みをいただきます　お礼・プチギフト,,,,,,,,,,,,,,,,,,,,,
U,345428479,cc-409,メッセージクッキー出産準備のためお休みをいただきます　お礼・プチギフト,,,,,,,,,,,,,,,,,,,,,
U,345428480,cc-410,メッセージクッキー出産準備のためお休みをいただきます　お礼・プチギフト,,,,,,,,,,,,,,,,,,,,,
U,345428478,cc-411,メッセージクッキー出産準備のためお休みをいただきます　お礼・プチギフト,,,,,,,,,,,,,,,,,,,,,
U,345428482,cc-412,メッセージクッキーお世話になりました　お礼・プチギフト,,,,,,,,,,,,,,,,,,,,,
U,345428481,cc-413,メッセージクッキーお世話になりました　お礼・プチギフト,,,,,,,,,,,,,,,,,,,,,
U,345428483,cc-414,メッセージクッキーお世話になりました　お礼・プチギフト,,,,,,,,,,,,,,,,,,,,,
U,345428484,cc-415,メッセージクッキーお世話になりました　お礼・プチギフト,,,,,,,,,,,,,,,,,,,,,
U,345428488,cc-416,メッセージクッキーお世話になりました　お礼・プチギフト,,,,,,,,,,,,,,,,,,,,,
U,345428490,cc-417,メッセージクッキーお世話になりました　お礼・プチギフト,,,,,,,,,,,,,,,,,,,,,
U,345428486,cc-418,メッセージクッキーThank You　お礼・プチギフト,,,,,,,,,,,,,,,,,,,,,
U,345428485,cc-419,メッセージクッキーありがとうございました!!　お礼・プチギフト,,,,,,,,,,,,,,,,,,,,,
U,345428493,cc-42,【敬老の日】おじいちゃん、おばあちゃんに感謝の気持ちを伝えるメッセージスイーツ《敬老,,,,,,,,,,,,,,,,,,,,,
U,345428487,cc-420,メッセージクッキーありがとうございました!!　お礼・プチギフト,,,,,,,,,,,,,,,,,,,,,
U,345428489,cc-421,メッセージクッキーお世話になりました thank you　お礼・プチギフト,,,,,,,,,,,,,,,,,,,,,
U,345428494,cc-422,メッセージクッキーThank you for everything　お礼・プチギフト,,,,,,,,,,,,,,,,,,,,,
U,345428492,cc-423,メッセージクッキーThank you so much　お礼・プチギフト,,,,,,,,,,,,,,,,,,,,,
U,345428491,cc-424,メッセージクッキーありがとうございました　お礼・プチギフト,,,,,,,,,,,,,,,,,,,,,
U,345428446,cc-430,メッセージクッキーThanks a lot!!　お礼・プチギフト,,,,,,,,,,,,,,,,,,,,,
U,345428447,cc-431,メッセージクッキーTHANK YOU FOR YOUR KINDNESS　お礼・プチギフト,,,,,,,,,,,,,,,,,,,,,
U,345428448,cc-432,メッセージクッキーThank You　お礼・プチギフト,,,,,,,,,,,,,,,,,,,,,
U,345428449,cc-433,メッセージクッキーThank You　お礼・プチギフト,,,,,,,,,,,,,,,,,,,,,
U,345428451,cc-434,メッセージクッキーお世話になりました　お礼・プチギフト,,,,,,,,,,,,,,,,,,,,,
U,345428450,cc-435,メッセージクッキー感謝 お世話になりました　お礼・プチギフト,,,,,,,,,,,,,,,,,,,,,
U,345428453,cc-436,メッセージクッキーThank you for your kindness(赤) お礼・プチギフト,,,,,,,,,,,,,,,,,,,,,
U,345428454,cc-437,メッセージクッキーThank you for your kindness(黄) お礼・プチギフト,,,,,,,,,,,,,,,,,,,,,
U,345428452,cc-438,メッセージクッキーThank you for your kindness(青) お礼・プチギフト,,,,,,,,,,,,,,,,,,,,,
U,345428463,cc-448,メッセージクッキー入園・卒園のお祝い_くま友 お祝い・プチギフト,,,,,,,,,,,,,,,,,,,,,
U,345428504,cc-449,メッセージクッキー入園・卒園のお祝い_うさ友 お祝い・プチギフト,,,,,,,,,,,,,,,,,,,,,
U,345428505,cc-450,メッセージクッキー入園・卒園のお祝い_りす友 お祝い・プチギフト,,,,,,,,,,,,,,,,,,,,,
U,345428506,cc-451,メッセージクッキー入園・卒園のお祝い_夢列車 お祝い・プチギフト,,,,,,,,,,,,,,,,,,,,,
U,345428507,cc-452,メッセージクッキー入園・卒園のお祝い_お花うさぎ お祝い・プチギフト,,,,,,,,,,,,,,,,,,,,,
U,345428498,cc-453,メッセージクッキー入園・卒園のお祝い_行進 お祝い・プチギフト,,,,,,,,,,,,,,,,,,,,,
U,345428497,cc-454,メッセージクッキー 卒業証書　卒業お祝い・プチギフト・ショークッキー,,,,,,,,,,,,,,,,,,,,,
U,345428499,cc-455,メッセージクッキーありがとうございました　お礼・プチギフト,,,,,,,,,,,,,,,,,,,,,
U,345428508,cc-456,メッセージクッキーお世話になりました　お礼・プチギフト,,,,,,,,,,,,,,,,,,,,,
U,345428502,cc-457,メッセージクッキー大変お世話になりました　お礼・プチギフト,,,,,,,,,,,,,,,,,,,,,
U,345428509,cc-458,メッセージクッキー今まで本当にありがとう!!　お礼・プチギフト,,,,,,,,,,,,,,,,,,,,,
U,345428500,cc-459,メッセージクッキーおせわになりました!!　お礼・プチギフト,,,,,,,,,,,,,,,,,,,,,
U,345428510,cc-460,メッセージクッキーありがとうございました　お礼・プチギフト,,,,,,,,,,,,,,,,,,,,,
U,345428501,cc-461,メッセージクッキー感謝_カラフル　お礼・プチギフト,,,,,,,,,,,,,,,,,,,,,
U,345428503,cc-462,メッセージクッキーお世話になりました_カラフル　お礼・プチギフト,,,,,,,,,,,,,,,,,,,,,
U,345428525,cc-463,メッセージクッキーありがとう_カラフル　お礼・プチギフト,,,,,,,,,,,,,,,,,,,,,
U,345428526,cc-464,メッセージクッキーThankYOU_カラフル　お礼・プチギフト,,,,,,,,,,,,,,,,,,,,,
U,345428527,cc-465,メッセージクッキー御礼_カラフル　お礼・プチギフト,,,,,,,,,,,,,,,,,,,,,
U,345428529,cc-466,メッセージクッキーありがとう御座いました_カラフル　お礼・プチギフト,,,,,,,,,,,,,,,,,,,,,
U,345428531,cc-47,メッセージクッキー Trick or treat(フランケン) お祝い・プチギフト,,,,,,,,,,,,,,,,,,,,,
U,345428535,cc-473,メッセージクッキーお世話になりました【大人可愛い】　お礼・プチギフト・ショークッキー,,,,,,,,,,,,,,,,,,,,,
U,345428537,cc-474,メッセージクッキーお世話になりました【大人可愛い】　お礼・プチギフト・ショークッキー,,,,,,,,,,,,,,,,,,,,,
U,345428539,cc-475,メッセージクッキーお世話になりました【大人可愛い】　お礼・プチギフト・ショークッキー,,,,,,,,,,,,,,,,,,,,,
U,345428540,cc-476,メッセージクッキーTHANK YOU(夜空) お祝い返し・プチギフト・ショークッキー,,,,,,,,,,,,,,,,,,,,,
U,345428511,cc-477,メッセージクッキーThank you for comming お祝い返し・プチギフト・ショークッキー,,,,,,,,,,,,,,,,,,,,,
U,345428538,cc-478,メッセージクッキーありがとう(花束) お祝い返し・プチギフト・ショークッキー,,,,,,,,,,,,,,,,,,,,,
U,345428512,cc-479,メッセージクッキーTHANK YOU FOR THE CELEBRATION お祝い返し・プチギフト・ショークッキー,,,,,,,,,,,,,,,,,,,,,
U,345428541,cc-480,メッセージクッキーTHANK YOU(いちごジャム) お祝い返し・プチギフト・ショークッキー,,,,,,,,,,,,,,,,,,,,,
U,345428546,cc-481,メッセージクッキーThank you for everything お祝い返し・プチギフト・ショークッキー,,,,,,,,,,,,,,,,,,,,,
U,345428543,cc-482,メッセージクッキーありがとうございました(ねこ) お祝い返し・プチギフト・ショークッキー,,,,,,,,,,,,,,,,,,,,,
U,345428513,cc-483,メッセージクッキー I LOVE YOU(トランプ)　お礼・プチギフト・ショークッキー,,,,,,,,,,,,,,,,,,,,,
U,345428545,cc-484,メッセージクッキー I LOVE YOU(懐中時計)　お礼・プチギフト・ショークッキー,,,,,,,,,,,,,,,,,,,,,
U,345428514,cc-488,メッセージクッキーGood luck on your match(サッカー)《プチギフト・進学・入学》・ショークッキー,,,,,,,,,,,,,,,,,,,,,
U,345428547,cc-489,メッセージクッキー今までお世話になりました【馬車】　お礼・プチギフト・ショークッキー,,,,,,,,,,,,,,,,,,,,,
U,345428551,cc-490,メッセージクッキーFight!(テニス)《プチギフト・進学・入学》・ショークッキー,,,,,,,,,,,,,,,,,,,,,
U,345428549,cc-491,メッセージクッキーGo for it!(バスケ)《プチギフト・進学・入学》・ショークッキー,,,,,,,,,,,,,,,,,,,,,
U,345428550,cc-492,メッセージクッキーYou can do it!(バドミントン)《プチギフト・進学・入学》・ショークッキー,,,,,,,,,,,,,,,,,,,,,
U,345428553,cc-493,メッセージクッキーGo for it!(バレーボール)《プチギフト・進学・入学》・ショークッキー,,,,,,,,,,,,,,,,,,,,,
U,345428552,cc-494,メッセージクッキーFight♪(ピアノ)《プチギフト・進学・入学》・ショークッキー,,,,,,,,,,,,,,,,,,,,,
U,345428554,cc-495,メッセージクッキーFight!!(プール・水泳)《プチギフト・進学・入学》・ショークッキー,,,,,,,,,,,,,,,,,,,,,
U,345428555,cc-496,メッセージクッキーがんばれ！(卓球)《プチギフト・進学・入学》・ショークッキー,,,,,,,,,,,,,,,,,,,,,
U,345428556,cc-497,メッセージクッキーがんばれ！(野球・ベースボール)《プチギフト・進学・入学》・ショークッ,,,,,,,,,,,,,,,,,,,,,
U,345428559,cc-499,メッセージクッキー結婚祝いありがとうございました！【家】 お祝い返し・プチギフト・ショ,,,,,,,,,,,,,,,,,,,,,
U,345428558,cc-50,プリントクッキー（トナカイ）お礼・プチギフト,,,,,,,,,,,,,,,,,,,,,
U,345428561,cc-500,メッセージクッキーお世話になりました(桜)　お礼・プチギフト・ショークッキー,,,,,,,,,,,,,,,,,,,,,
U,345428560,cc-51,プリントクッキー（サンタとトナカイ）お礼・プチギフト,,,,,,,,,,,,,,,,,,,,,
U,345428744,cc-531,メッセージクッキー産休をいただきます_くま妊婦　お礼・プチギフト・ショークッキー,,,,,,,,,,,,,,,,,,,,,
U,345428562,cc-532,メッセージクッキー産休をいただきます_うさぎ妊婦　お礼・プチギフト・ショークッキー,,,,,,,,,,,,,,,,,,,,,
U,345428563,cc-533,メッセージクッキー産休をいただきます_ふくろう妊婦　お礼・プチギフト・ショークッキー,,,,,,,,,,,,,,,,,,,,,
U,345428745,cc-534,メッセージクッキー産休をいただきます_ひつじ妊婦　お礼・プチギフト・ショークッキー,,,,,,,,,,,,,,,,,,,,,
U,345428746,cc-535,メッセージクッキー産休をいただきます_ぺんぎん妊婦　お礼・プチギフト・ショークッキー,,,,,,,,,,,,,,,,,,,,,
U,345428748,cc-536,メッセージクッキー産休をいただきます_ねこ妊婦　お礼・プチギフト・ショークッキー,,,,,,,,,,,,,,,,,,,,,
U,345428754,cc-548,メッセージクッキー　あとは任せた　退職の挨拶やお礼、プチギフトに最適なショークッキー,,,,,,,,,,,,,,,,,,,,,
U,345428755,cc-549,メッセージがクッキー　ふぁいと　退職の挨拶やお礼、プチギフトに最適なショークッキー　,,,,,,,,,,,,,,,,,,,,,
U,345428757,cc-55,メッセージクッキーHappy　Wedding　ウサギとクマ,,,,,,,,,,,,,,,,,,,,,
U,345428756,cc-551,メッセージクッキー　支えてくれてありがとう　退職の挨拶やお礼、プチギフトに最適なショ,,,,,,,,,,,,,,,,,,,,,
U,345428758,cc-552,メッセージクッキー　またいつか　退職 お礼 お菓子・プチギフト・ショークッキー,,,,,,,,,,,,,,,,,,,,,
U,345428762,cc-553,メッセージクッキー影ながら応援しています　退職の挨拶やお礼、プチギフトに最適なショー,,,,,,,,,,,,,,,,,,,,,
U,345428763,cc-555,【出産内祝い・ねこ】ありがとうを伝えるメッセージスイーツ《出産祝い・内祝・プチギフト,,,,,,,,,,,,,,,,,,,,,
U,345428761,cc-556,【出産内祝い・うさぎ】ありがとうを伝えるメッセージスイーツ《出産祝い・内祝・プチギフ,,,,,,,,,,,,,,,,,,,,,
U,345429175,cc-557,【Thank you・肉球】ありがとうを伝えるメッセージスイーツ《出産祝い・内祝・プチギフト》【,,,,,,,,,,,,,,,,,,,,,
U,345429174,cc-558,【Thank you・にんじん】ありがとうを伝えるメッセージスイーツ《出産祝い・内祝・プチギフト,,,,,,,,,,,,,,,,,,,,,
U,345429184,cc-559,【Thank you・アヒル】ありがとうを伝えるメッセージスイーツ《出産祝い・内祝・プチギフト》,,,,,,,,,,,,,,,,,,,,,
U,345429177,cc-56,メッセージクッキーThank　you(ウサギとクマ),,,,,,,,,,,,,,,,,,,,,
U,345429176,cc-560,プリントクッキー（ホワイトデー黒板）ホワイトデーお返し 小学生 子供 w_バラマキ,,,,,,,,,,,,,,,,,,,,,
U,345429185,cc-561,プリントクッキー（ホワイトデーセーラー服）ホワイトデーお返し 小学生 子供 w_バラマキ,,,,,,,,,,,,,,,,,,,,,
U,345429179,cc-562,プリントクッキー（ホワイトデー制服）ホワイトデーお返し 小学生 子供 w_バラマキ,,,,,,,,,,,,,,,,,,,,,
U,345429178,cc-563,プリントクッキー（ホワイトデー赤い糸）ホワイトデーお返し 小学生子供 w_バラマキ,,,,,,,,,,,,,,,,,,,,,
U,345429186,cc-564,メッセージスイーツ(ペンギン・新郎)お礼・プチギフト・お祝い・プチギフト・ショークッキー,,,,,,,,,,,,,,,,,,,,,
U,345429181,cc-565,メッセージスイーツ(ペンギン・新婦)お礼・プチギフト・お祝い・プチギフト・ショークッキー,,,,,,,,,,,,,,,,,,,,,
U,345429180,cc-566,メッセージスイーツ(Thank you 指輪)お礼・プチギフト・お祝い・プチギフト・ショークッキー,,,,,,,,,,,,,,,,,,,,,
U,345429187,cc-567,メッセージスイーツ(羽・Thank you　for the celeblation)お礼・お祝い・プチギフト・ショークッキー,,,,,,,,,,,,,,,,,,,,,
U,345429183,cc-568,メッセージスイーツ(教会・お祝いありがとうございました)お礼・お祝い・プチギフト・ショー,,,,,,,,,,,,,,,,,,,,,
U,345429182,cc-569,メッセージスイーツ(のし・寿・ありがとうございました)お礼・結婚内祝・プチギフト・ショー,,,,,,,,,,,,,,,,,,,,,
U,345429188,cc-57,メッセージクッキーいつもありがとうお礼・プチギフト,,,,,,,,,,,,,,,,,,,,,
U,345429205,cc-570,メッセージクッキーHappy Wedding_ウサギとクマ・ショークッキー,,,,,,,,,,,,,,,,,,,,,
U,345429204,cc-571,メッセージクッキーHappy Wedding_ウサギとクマ・ショークッキー,,,,,,,,,,,,,,,,,,,,,
U,345429189,cc-572,メッセージクッキーありがとうございました四角　お祝い返し・プチギフト・ショークッキー,,,,,,,,,,,,,,,,,,,,,
U,345429190,cc-573,メッセージクッキーありがとうございました(花びら)　お祝い返し・プチギフト・ショークッキ,,,,,,,,,,,,,,,,,,,,,
U,345429191,cc-574,メッセージクッキーありがとうございました(桜印1)　お祝い返し・プチギフト・ショークッキ,,,,,,,,,,,,,,,,,,,,,
U,345429206,cc-575,メッセージクッキーありがとうございました(桜印2)　お祝い返し・プチギフト・ショークッキ,,,,,,,,,,,,,,,,,,,,,
U,345429193,cc-576,メッセージクッキーありがとうございました(縦)　お祝い返し・プチギフト・ショークッキー,,,,,,,,,,,,,,,,,,,,,
U,345429192,cc-577,メッセージクッキー感謝(ありがとうございました)　お祝い返し・プチギフト・ショークッキー,,,,,,,,,,,,,,,,,,,,,
U,345429207,cc-578,メッセージクッキーありがとうございました(ひよこ・緑)　お祝い返し・プチギフト・ショーク,,,,,,,,,,,,,,,,,,,,,
U,345429195,cc-579,メッセージクッキーありがとうございました(ひよこ・桃)　お祝い返し・プチギフト・ショーク,,,,,,,,,,,,,,,,,,,,,
U,345429208,cc-58,メッセージクッキーTHANK　YOU(ネコ)お礼・プチギフト,,,,,,,,,,,,,,,,,,,,,
U,345429194,cc-580,メッセージクッキーありがとうございました(ひよこ・橙)　お祝い返し・プチギフト・ショーク,,,,,,,,,,,,,,,,,,,,,
U,345429209,cc-581,メッセージクッキーありがとうございました(ハムスター・青)　お祝い返し・プチギフト・ショ,,,,,,,,,,,,,,,,,,,,,
U,345429210,cc-582,メッセージクッキーありがとうございました(ハムスター・黄)　お祝い返し・プチギフト・ショ,,,,,,,,,,,,,,,,,,,,,
U,345429197,cc-583,メッセージクッキーありがとうございました(ハムスター・紫)　お祝い返し・プチギフト・ショ,,,,,,,,,,,,,,,,,,,,,
U,345429211,cc-584,メッセージクッキー健康第一 いつまでもお元気で　お礼・プチギフト・ショークッキー,,,,,,,,,,,,,,,,,,,,,
U,345429196,cc-585,メッセージクッキー祝 退職 熨斗風 お疲れ様でした　お礼・プチギフト・ショークッキー,,,,,,,,,,,,,,,,,,,,,
U,345429199,cc-586,メッセージクッキー感謝状 賞状風 今まで本当にありがとうございました　お礼・プチギフト・,,,,,,,,,,,,,,,,,,,,,
U,345429212,cc-587,メッセージクッキー大変お世話になりました　桜　お礼・プチギフト・ショークッキー,,,,,,,,,,,,,,,,,,,,,
U,345429198,cc-588,メッセージクッキー【末永いご多幸をお祈りいたします】ふくろう　フクロウ お礼・プチギフ,,,,,,,,,,,,,,,,,,,,,
U,345429200,cc-589,メッセージクッキー【長い間ご苦労様でした】桜 花 緑 お礼・プチギフト・ショークッキー,,,,,,,,,,,,,,,,,,,,,
U,345429201,cc-59,メッセージクッキーありがとうございましたお礼・プチギフト,,,,,,,,,,,,,,,,,,,,,
U,345429202,cc-590,メッセージクッキー【新天地での活躍を祈っています】 鳩 ハト お礼・プチギフト・ショーク,,,,,,,,,,,,,,,,,,,,,
U,345429203,cc-591,メッセージクッキー【新しい勤務先でもがんばってね】 蝶 ちょうちょ お礼・プチギフト・シ,,,,,,,,,,,,,,,,,,,,,
U,345429213,cc-592,メッセージクッキー【一緒に働けてよかったです！】 薔薇　バラ お礼・プチギフト・ショーク,,,,,,,,,,,,,,,,,,,,,
U,345429214,cc-593,メッセージクッキー【お勤めご苦労様でした】クローバー 四つ葉 お礼・プチギフト・ショーク,,,,,,,,,,,,,,,,,,,,,
U,345429224,cc-594,メッセージクッキー【明るい未来を応援してるよ！】太陽 お日様 お礼・プチギフト・ショーク,,,,,,,,,,,,,,,,,,,,,
U,345429225,cc-595,メッセージクッキー【素敵な新生活が迎えられますように】部屋 お礼・プチギフト・ショーク,,,,,,,,,,,,,,,,,,,,,
U,345429215,cc-596,メッセージクッキー 入園のお祝い_いぬとうさぎ　お祝い・プチギフト・ショークッキー,,,,,,,,,,,,,,,,,,,,,
U,345429226,cc-597,メッセージクッキー 入園のお祝い_園児服　お祝い・プチギフト・ショークッキー,,,,,,,,,,,,,,,,,,,,,
U,345429216,cc-598,メッセージクッキー にゅうえんおめでとう 入園のお祝い_くるま 車 男の子　お祝い・プチギフ,,,,,,,,,,,,,,,,,,,,,
U,345429228,cc-599,メッセージクッキー にゅうえんおめでとう 入園のお祝い_うさぎのおんなのこ　お祝い・プチ,,,,,,,,,,,,,,,,,,,,,
U,345429229,cc-60,メッセージクッキーおめでとう(ネコ)お祝い・プチギフト,,,,,,,,,,,,,,,,,,,,,
U,345429217,cc-600,メッセージクッキー おめでとう 入園のお祝い_おめでとう箱　お弁当箱　お祝い・プチギフト,,,,,,,,,,,,,,,,,,,,,
U,345429230,cc-601,メッセージクッキー 入園のお祝い_黄色帽子　桜　お祝い・プチギフト・ショークッキー,,,,,,,,,,,,,,,,,,,,,
U,345429231,cc-602,メッセージクッキー 卒業のお祝い_卒業おめでとう 桜　お祝い・プチギフト・ショークッキー,,,,,,,,,,,,,,,,,,,,,
U,345429232,cc-603,メッセージクッキー 卒業のお祝い_卒業おめでとう 袴 矢絣　お祝い・プチギフト・ショークッ,,,,,,,,,,,,,,,,,,,,,
U,345429233,cc-604,メッセージクッキー 祝 卒業_卒業おめでとう 黒板 学校　お祝い・プチギフト・ショークッキー,,,,,,,,,,,,,,,,,,,,,
U,345429218,cc-605,メッセージクッキー 祝 卒業式_卒業おめでとう 学校 看板　お祝い・プチギフト・ショークッキ,,,,,,,,,,,,,,,,,,,,,
U,345429234,cc-606,メッセージクッキー たいへんよく頑張りました_卒業おめでとう ハンコ　お祝い・プチギフト,,,,,,,,,,,,,,,,,,,,,
U,345429219,cc-607,メッセージクッキー 卒業証書_卒業おめでとう 胸花　お祝い・プチギフト・ショークッキー,,,,,,,,,,,,,,,,,,,,,
U,345429220,cc-608,メッセージクッキー そつえんおめでとう_チューリップ　卒園　お祝い・プチギフト・ショーク,,,,,,,,,,,,,,,,,,,,,
U,345429221,cc-609,メッセージクッキー　そつえんおいわい_花かんむり　卒園　お祝い・プチギフト・ショークッ,,,,,,,,,,,,,,,,,,,,,
U,345429222,cc-61,メッセージクッキーHAPPY　BIRTHDAY(ネコ),,,,,,,,,,,,,,,,,,,,,
U,345429223,cc-610,メッセージクッキー そつえんおめでとう_桜ピンク　卒園　お祝い・プチギフト・ショークッキ,,,,,,,,,,,,,,,,,,,,,
U,345429244,cc-611,メッセージクッキー 祝 そつえんおめでとう_桜水色　卒園　お祝い・プチギフト・ショークッ,,,,,,,,,,,,,,,,,,,,,
U,345429245,cc-612,メッセージクッキー 入学おめでとう_ランドセル赤　お祝い・プチギフト・ショークッキー,,,,,,,,,,,,,,,,,,,,,
U,345429246,cc-613,メッセージクッキー 入学おめでとう_ランドセル黒　お祝い・プチギフト・ショークッキー,,,,,,,,,,,,,,,,,,,,,
U,345429248,cc-614,メッセージクッキーFIGHT！がんばってね！ブタ《プチギフト・進学・入学》・ショークッキー,,,,,,,,,,,,,,,,,,,,,
U,345429249,cc-615,メッセージクッキーCongrats!おめでとう　お祝い・プチギフト・ショークッキー,,,,,,,,,,,,,,,,,,,,,
U,345429251,cc-62,メッセージクッキー（寿）お礼・プチギフト,,,,,,,,,,,,,,,,,,,,,
U,345429252,cc-622,メッセージクッキー就職おめでとう 桜　就職祝い お祝い・プチギフト・ショークッキー,,,,,,,,,,,,,,,,,,,,,
U,345429253,cc-623,メッセージクッキー祝 就職　就職祝い お祝い・プチギフト・ショークッキー,,,,,,,,,,,,,,,,,,,,,
U,345429247,cc-624,メッセージクッキー祝 昇進　昇進祝い お祝い・プチギフト・ショークッキー,,,,,,,,,,,,,,,,,,,,,
U,345429254,cc-625,メッセージクッキー祝 開店 開店祝い 花輪 お祝い・プチギフト・ショークッキー,,,,,,,,,,,,,,,,,,,,,
U,345429250,cc-626,メッセージクッキー還暦おめでとう 還暦祝い 長寿祝い お祝い・プチギフト・ショークッキー,,,,,,,,,,,,,,,,,,,,,
U,345429256,cc-627,メッセージクッキー喜寿おめでとう 喜寿祝い 長寿祝い お祝い・プチギフト・ショークッキー,,,,,,,,,,,,,,,,,,,,,
U,345429255,cc-628,メッセージクッキー米寿おめでとう 米寿祝い 長寿祝い お祝い・プチギフト・ショークッキー,,,,,,,,,,,,,,,,,,,,,
U,345429236,cc-63,メッセージクッキーHappy　Wedding(クマ),,,,,,,,,,,,,,,,,,,,,
U,345429235,cc-636,メッセージクッキー よろしくおねがいします いぬ　お祝い・プチギフト・ショークッキー,,,,,,,,,,,,,,,,,,,,,
U,345429237,cc-637,メッセージクッキー よろしくおねがいします うさぎ　お祝い・プチギフト・ショークッキー,,,,,,,,,,,,,,,,,,,,,
U,345429239,cc-638,メッセージクッキー よろしくおねがいします ひつじ　お祝い・プチギフト・ショークッキー,,,,,,,,,,,,,,,,,,,,,
U,345429238,cc-64,メッセージクッキー（HAPPY　BABY）お祝い・プチギフト,,,,,,,,,,,,,,,,,,,,,
U,345429240,cc-640,メッセージクッキー　ありがとうございます(爽やかリーマン坂口)　退職 お礼 お菓子・プチギ,,,,,,,,,,,,,,,,,,,,,
U,345429242,cc-641,メッセージクッキー　お世話になりました(爽やかリーマン坂口)　退職 お礼 お菓子・プチギフ,,,,,,,,,,,,,,,,,,,,,
U,345429241,cc-642,メッセージが伝わるプリントクッキー　ありがとうございました(爽やかリーマン坂口)　退職 ,,,,,,,,,,,,,,,,,,,,,
U,345429265,cc-643,メッセージクッキー　感謝 お世話になりました(爽やかリーマン坂口)　退職 お礼 お菓子・プチ,,,,,,,,,,,,,,,,,,,,,
U,345429264,cc-644,メッセージクッキー　お世話になりました(爽やかリーマン坂口)　退職 お礼 お菓子・プチギフ,,,,,,,,,,,,,,,,,,,,,
U,345429267,cc-645,メッセージクッキー　今まで本当にありがとう(爽やかリーマン坂口)　退職 お礼 お菓子・プチ,,,,,,,,,,,,,,,,,,,,,
U,345429266,cc-646,メッセージクッキー　育休をいただきます(爽やかリーマン坂口)　育休の挨拶やお礼 お菓子・,,,,,,,,,,,,,,,,,,,,,
U,345429269,cc-647,メッセージクッキー　育休をいただきます02(爽やかリーマン坂口)　育休の挨拶やお礼 お菓子・,,,,,,,,,,,,,,,,,,,,,
U,345429268,cc-648,メッセージクッキー　育休をいただきます03(爽やかリーマン坂口)　育休の挨拶やお礼 お菓子・,,,,,,,,,,,,,,,,,,,,,
U,345429270,cc-650,【1歳おめでとう】誕生日をお祝いするメッセージクッキー《誕生日・プチギフト》【プリント,,,,,,,,,,,,,,,,,,,,,
U,345429243,cc-651,【HAPPY BIRTHDAY】誕生日をお祝いするメッセージクッキー《誕生日・プチギフト》【プリントクッ,,,,,,,,,,,,,,,,,,,,,
U,345429282,cc-652,【HAPPY 1st BIRTHDAY】誕生日をお祝いするメッセージクッキー《誕生日・プチギフト》【プリント,,,,,,,,,,,,,,,,,,,,,
U,345429294,cc-653,【HAPPY 2nd BIRTHDAY】誕生日をお祝いするメッセージクッキー《誕生日・プチギフト》【プリント,,,,,,,,,,,,,,,,,,,,,
U,345429281,cc-654,【HAPPY 2nd BIRTHDAY】2歳の誕生日をお祝いするメッセージクッキー《誕生日・プチギフト》【プリ,,,,,,,,,,,,,,,,,,,,,
U,345429305,cc-655,【Happy Birth Day to your angel】誕生日をお祝いするメッセージクッキー《誕生日・プチギフト》【プ,,,,,,,,,,,,,,,,,,,,,
U,345429301,cc-656,【Happy Birth Day to your angel(ピンク)】誕生日をお祝いするメッセージクッキー《誕生日・プチギフ,,,,,,,,,,,,,,,,,,,,,
U,345429309,cc-657,メッセージクッキーいつもお世話になっております お祝い返し・プチギフト・ショークッキー,,,,,,,,,,,,,,,,,,,,,
U,345429307,cc-658,メッセージクッキー新築祝い(小人たちのきのこのいえ) お祝い・プチギフト,,,,,,,,,,,,,,,,,,,,,
U,345429310,cc-662,お見送りメッセージクッキー気を付けていってきてね！《プチギフト・留学・旅行》・ショー,,,,,,,,,,,,,,,,,,,,,
U,345429324,cc-668,メッセージクッキー成人祝 ありがとうございました お祝い・プチギフト・ショークッキー,,,,,,,,,,,,,,,,,,,,,
U,345429314,cc-669,メッセージクッキー 祝 ご入学 おめでとう　お祝い・プチギフト・ショークッキー,,,,,,,,,,,,,,,,,,,,,
U,345429316,cc-682,メッセージクッキーFight!! 美術部 絵画 画家 応援【ショークッキー】,,,,,,,,,,,,,,,,,,,,,
U,345429330,cc-683,メッセージクッキーFight! PC 応援【ショークッキー】,,,,,,,,,,,,,,,,,,,,,
U,345429320,cc-684,メッセージクッキー商売繁盛 招き猫【ショークッキー】,,,,,,,,,,,,,,,,,,,,,
U,345429319,cc-685,メッセージクッキー絵馬 健康御守 【ショークッキー】,,,,,,,,,,,,,,,,,,,,,
U,345429869,cc-686,メッセージクッキー絵馬 交通安全 【ショークッキー】,,,,,,,,,,,,,,,,,,,,,
U,345429870,cc-687,メッセージクッキー絵馬 安産祈願 【ショークッキー】,,,,,,,,,,,,,,,,,,,,,
U,345429874,cc-691,【Happy Birth Day(お花)】誕生日をお祝いするメッセージスイーツ《誕生日・プチギフト》【メッセ,,,,,,,,,,,,,,,,,,,,,
U,345429840,cc-692,【Happy Birth Day(薔薇)】誕生日をお祝いするメッセージスイーツ《誕生日・プチギフト》【メッセ,,,,,,,,,,,,,,,,,,,,,
U,345429878,cc-693,【Happy Birth Day(ハート)】誕生日をお祝いするメッセージスイーツ《誕生日・プチギフト》【メッ,,,,,,,,,,,,,,,,,,,,,
U,345429880,cc-694,【Happy Birth Day(ストライプ)】誕生日をお祝いするメッセージスイーツ《誕生日・プチギフト》【,,,,,,,,,,,,,,,,,,,,,
U,345429842,cc-695,【Happy Birth Day(花と葉)】誕生日をお祝いするメッセージスイーツ《誕生日・プチギフト》【メッ,,,,,,,,,,,,,,,,,,,,,
U,345429881,cc-696,メッセージクッキーHAPPY BIRTHDAY(ビール)　感謝・プチギフト・ショークッキー,,,,,,,,,,,,,,,,,,,,,
U,345429885,cc-698,メッセージクッキーお父さんいつもありがとう　感謝・プチギフト・ショークッキー,,,,,,,,,,,,,,,,,,,,,
U,345429905,cc-699,メッセージクッキー 今までお世話になりました ひつじお礼・プチギフト・ショークッキー,,,,,,,,,,,,,,,,,,,,,
U,345429887,cc-700,メッセージクッキー 今までお世話になりました うさぎ お礼・プチギフト・ショークッキー,,,,,,,,,,,,,,,,,,,,,
U,345429908,cc-701,メッセージクッキー 今までお世話になりました いぬ2 お礼・プチギフト・ショークッキー,,,,,,,,,,,,,,,,,,,,,
U,345429907,cc-702,メッセージクッキー 今までお世話になりました ねこ お礼・プチギフト・ショークッキー,,,,,,,,,,,,,,,,,,,,,
U,345429888,cc-703,メッセージクッキー 今までお世話になりました しろくま お礼・プチギフト・ショークッキー,,,,,,,,,,,,,,,,,,,,,
U,345429889,cc-704,メッセージクッキー 今までお世話になりました ハムスター お礼・プチギフト・ショークッキ,,,,,,,,,,,,,,,,,,,,,
U,345429914,cc-705,メッセージクッキー祝＊就職おめでとう！ プチギフト・ショークッキー,,,,,,,,,,,,,,,,,,,,,
U,345429913,cc-706,メッセージクッキーうさぎのおいわい(就職おめでとう) プチギフト・ショークッキー,,,,,,,,,,,,,,,,,,,,,
U,345429915,cc-707,メッセージクッキーくまのおいわい(就職おめでとう) プチギフト・ショークッキー,,,,,,,,,,,,,,,,,,,,,
U,345429917,cc-708,メッセージクッキー昇進おめでとうネクタイ プチギフト・ショークッキー,,,,,,,,,,,,,,,,,,,,,
U,345429919,cc-709,メッセージクッキー祝＊昇進(努力の実り！)プチギフト・ショークッキー,,,,,,,,,,,,,,,,,,,,,
U,345429916,cc-710,メッセージクッキーありがとうございました くまお礼・プチギフト・ショークッキー,,,,,,,,,,,,,,,,,,,,,
U,345429923,cc-711,メッセージクッキー お世話になりました うさぎ お礼・プチギフト・ショークッキー,,,,,,,,,,,,,,,,,,,,,
U,345429920,cc-712,メッセージクッキー Thank you 女の子 お礼・プチギフト・ショークッキー,,,,,,,,,,,,,,,,,,,,,
U,345429921,cc-713,メッセージクッキー産休をいただきます 水玉　お礼・プチギフト,,,,,,,,,,,,,,,,,,,,,
U,345429926,cc-714,メッセージクッキー産休をいただきます ハート　お礼・プチギフト,,,,,,,,,,,,,,,,,,,,,
U,345429922,cc-715,メッセージクッキー産休をいただきます 天使ピンク　お礼・プチギフト,,,,,,,,,,,,,,,,,,,,,
U,345429924,cc-716,メッセージクッキー産休をいただきます チェックピンク　お礼・プチギフト,,,,,,,,,,,,,,,,,,,,,
U,345429928,cc-717,メッセージクッキー産休をいただきます 天使グリーン　お礼・プチギフト,,,,,,,,,,,,,,,,,,,,,
U,345429925,cc-718,メッセージクッキー産休をいただきます チェックグリーン　お礼・プチギフト,,,,,,,,,,,,,,,,,,,,,
U,345429927,cc-719,メッセージクッキーお世話になりました ねこ　お礼・プチギフト,,,,,,,,,,,,,,,,,,,,,
U,345429932,cc-720,メッセージクッキーたいへんお世話になりました　ねこ　お礼・プチギフト,,,,,,,,,,,,,,,,,,,,,
U,345429929,cc-721,メッセージクッキーいままでありがとうございました　ねこ　お礼・プチギフト,,,,,,,,,,,,,,,,,,,,,
U,345429933,cc-722,メッセージクッキーお世話になりました　ねこ　お礼・プチギフト,,,,,,,,,,,,,,,,,,,,,
U,345429930,cc-723,メッセージクッキーいままでありがとうございました　ねこ　お礼・プチギフト,,,,,,,,,,,,,,,,,,,,,
U,345429931,cc-724,メッセージクッキーいままでありがとうございました　ねこ　お礼・プチギフト,,,,,,,,,,,,,,,,,,,,,
U,345429934,cc-725,メッセージクッキーいままでありがとうございました　ボーダー　お礼・プチギフト,,,,,,,,,,,,,,,,,,,,,
U,345429891,cc-726,メッセージクッキーいままでありがとうございました　水玉　お礼・プチギフト,,,,,,,,,,,,,,,,,,,,,
U,345429890,cc-727,メッセージクッキーいままでありがとうございました　ハート　お礼・プチギフト,,,,,,,,,,,,,,,,,,,,,
U,345429892,cc-728,メッセージクッキーたいへんおせわになりました　チェック　お礼・プチギフト,,,,,,,,,,,,,,,,,,,,,
U,345429893,cc-729,メッセージクッキーたいへんおせわになりました　スター　お礼・プチギフト,,,,,,,,,,,,,,,,,,,,,
U,345429899,cc-730,メッセージクッキーたいへんおせわになりました　リボン　お礼・プチギフト,,,,,,,,,,,,,,,,,,,,,
U,345429895,cc-731,メッセージクッキー Thank you！　お礼・プチギフト・ショークッキー,,,,,,,,,,,,,,,,,,,,,
U,345429894,cc-732,メッセージクッキー ありがとうございました！　お礼・プチギフト・ショークッキー,,,,,,,,,,,,,,,,,,,,,
U,345429902,cc-733,メッセージクッキー お世話になりました！　お礼・プチギフト・ショークッキー,,,,,,,,,,,,,,,,,,,,,
U,345429897,cc-734,メッセージクッキー Thank you！　お礼・プチギフト・ショークッキー,,,,,,,,,,,,,,,,,,,,,
U,345429896,cc-735,メッセージクッキー お世話になりました！　お礼・プチギフト・ショークッキー,,,,,,,,,,,,,,,,,,,,,
U,345429898,cc-736,メッセージクッキー ありがとうございました！　お礼・プチギフト・ショークッキー,,,,,,,,,,,,,,,,,,,,,
U,345429900,cc-737,メッセージクッキー お世話になりました！　お礼・プチギフト・ショークッキー,,,,,,,,,,,,,,,,,,,,,
U,345429946,cc-738,メッセージクッキー ありがとうございました！　お礼・プチギフト・ショークッキー,,,,,,,,,,,,,,,,,,,,,
U,345429903,cc-739,メッセージクッキーThank you クラッカー　お礼・プチギフト・ショークッキー,,,,,,,,,,,,,,,,,,,,,
U,345429949,cc-740,メッセージクッキーThank you クローバー　お礼・プチギフト・ショークッキー,,,,,,,,,,,,,,,,,,,,,
U,345429945,cc-741,メッセージクッキーThank you カラフル　お礼・プチギフト・ショークッキー,,,,,,,,,,,,,,,,,,,,,
U,345429901,cc-742,メッセージクッキー出産のためお休みをいただきます　お礼・プチギフト・ショークッキー,,,,,,,,,,,,,,,,,,,,,
U,345429951,cc-743,メッセージクッキー復帰までどうぞよろしくお願いします　お礼・プチギフト・ショークッキ,,,,,,,,,,,,,,,,,,,,,
U,345429948,cc-744,メッセージクッキーしばらくお休みでご迷惑おかけします　お礼・プチギフト・ショークッキ,,,,,,,,,,,,,,,,,,,,,
U,345429957,cc-86,メッセージクッキーHappy Birthday,,,,,,,,,,,,,,,,,,,,,
U,345429968,cc-87,メッセージクッキーお誕生日おめでとう(男の子・クマ),,,,,,,,,,,,,,,,,,,,,
U,345429958,cc-88,メッセージクッキーお誕生日おめでとう(女の子・クマ),,,,,,,,,,,,,,,,,,,,,
U,345429970,cc-89,メッセージクッキーHappy Birthday to you,,,,,,,,,,,,,,,,,,,,,
U,345429971,cc-90,メッセージクッキーHappy Birthday,,,,,,,,,,,,,,,,,,,,,
U,345429959,cc-91,メッセージクッキーHAPPY BIRTHDAY to you,,,,,,,,,,,,,,,,,,,,,
U,345429973,cc-92,メッセージクッキーHappy Birthday(お花),,,,,,,,,,,,,,,,,,,,,
U,345429972,cc-93,メッセージクッキーHappy Birthday(スイーツ),,,,,,,,,,,,,,,,,,,,,
U,345429975,cc-94,メッセージクッキーHappy Birthday(クマ),,,,,,,,,,,,,,,,,,,,,
U,345429974,cc-95,メッセージクッキーお誕生日おめでとう(筆字),,,,,,,,,,,,,,,,,,,,,
U,345429977,cc-96,メッセージクッキーHappy Birthday to you,,,,,,,,,,,,,,,,,,,,,
U,345429976,cc-97,メッセージクッキーHappy Birthday(ひげ),,,,,,,,,,,,,,,,,,,,,
U,345429978,cc-set102, 産休 お菓子 職場 あいさつに…Babyメッセージクッキー15枚セット(箱入り)お礼 ギフト　個別包装,NULL,あす着配送の注意事項について:確認しました(商品ページの記載バナーを確認しました）,NULL,,,,,,,,,,,,,,,,,,
U,345429960,cc-set103, 産休 お菓子 職場 あいさつに…Babyメッセージクッキー30枚セット(箱入り)お礼・ギフト　個別包装,NULL,あす着配送の注意事項について:確認しました(商品ページの記載バナーを確認しました）,NULL,,,,,,,,,,,,,,,,,,
U,345429980,cc-set105,ホワイトデーパステルメッセージクッキーお得な15枚セット(箱入り)お返し 小学生　w_バラマキ,,,,,,,,,,,,,,,,,,,,,
U,345429961,cc-set106,ホワイトデーパステルメッセージクッキーお得な30枚セット(箱入り)お返し 小学生　w_バラマキ,,,,,,,,,,,,,,,,,,,,,
U,345429983,cc-set108, 転勤 退職 お菓子 あいさつに 同僚 後輩へ メッセージクッキー15枚セット(箱入り)ギフト お礼個別包装,NULL,あす着配送の注意事項について:確認しました(商品ページの記載バナーを確認しました）,NULL,,,,,,,,,,,,,,,,,,
U,345429982,cc-set109, 退職 お菓子 お礼 同僚 後輩へメッセージクッキー30枚セット(箱入り) ギフト お世話になりました　個別包装,NULL,あす着配送の注意事項について:確認しました(商品ページの記載バナーを確認しました）,NULL,,,,,,,,,,,,,,,,,,
U,345429962,cc-set11, 両親に送るメッセージクッキー15枚セット(箱入り)お礼・プチギフト個別包装,,あす着配送の注意事項について:確認しました(商品ページの記載バナーを確認しました）,,,,,,,,,,,,,,,,,,,
U,345429985,cc-set111, [内祝いセット・ピンク]出産内祝いに送るメッセージクッキーお得な15枚セット(箱入り)お礼・個別包装,,,,,,,,,,,,,,,,,,,,,
U,345429984,cc-set112, [内祝いセット・ピンク]出産内祝いに送るメッセージクッキーお得な30枚セット(箱入り)お礼・個別包装,,,,,,,,,,,,,,,,,,,,,
U,345429987,cc-set114, [内祝いセット・水色]出産内祝いに送るメッセージクッキーお得な15枚セット(箱入り)お礼　個別包装,,,,,,,,,,,,,,,,,,,,,
U,345429988,cc-set115, [内祝いセット・水色]出産内祝いに送るメッセージクッキーお得な30枚セット(箱入り)お礼個別包装,,,,,,,,,,,,,,,,,,,,,
U,345429990,cc-set117,ホワイトデー学校メッセージクッキーお得な15枚セット(箱入り)お返し 小学生　　w_バラマキ,,,,,,,,,,,,,,,,,,,,,
U,345429993,cc-set118,結婚内祝いに送るメッセージクッキー 15枚セット(箱入り)お祝い・ギフト・お返し個別包装,,,,,,,,,,,,,,,,,,,,,
U,345429992,cc-set119,結婚内祝いに送るメッセージクッキー 30枚セット(箱入り)お祝い・ギフト・お返し個別包装,,,,,,,,,,,,,,,,,,,,,
U,345429995,cc-set12,結婚内祝いに送るメッセージクッキー 30枚セット(箱入り)お祝い・ギフト・お返し個別包装,,,,,,,,,,,,,,,,,,,,,
U,345429994,cc-set121,Girl&Boyセット メッセージクッキー 15枚セット(箱入り)お祝い・ギフト・お返し個別包装,,,,,,,,,,,,,,,,,,,,,
U,345429996,cc-set122,Girl&Boyセット メッセージクッキー 30枚セット(箱入り)お祝い・ギフト・お返し個別包装,,,,,,,,,,,,,,,,,,,,,
U,345429998,cc-set124,和風お祝い お菓子 メッセージクッキーお得な15枚セット(箱入り)お礼・プチギフト　個別包装,,,,,,,,,,,,,,,,,,,,,
U,345430324,cc-set125,和風お祝い お菓子 メッセージクッキーお得な30枚セット(箱入り)お礼 プチギフト　個別包装,,,,,,,,,,,,,,,,,,,,,
U,345429999,cc-set127,どうぶつ お祝い お菓子 メッセージクッキーお得な15枚セット(箱入り)お礼 プチギフト　個別包装,,,,,,,,,,,,,,,,,,,,,
U,345430326,cc-set128,どうぶつ お祝い お菓子 メッセージクッキーお得な30枚セット(箱入り)お礼　プチギフト　ｖ,,,,,,,,,,,,,,,,,,,,,
U,345430001,cc-set130,ありがとう お菓子 I LOVE YOU メッセージクッキー 15枚セット(箱入り)お祝い ギフト　個別包装,,,,,,,,,,,,,,,,,,,,,
U,345430002,cc-set131,お祝い お菓子 I LOVE YOU メッセージクッキー 30枚セット(箱入り)お祝い ギフト　個別包装,,,,,,,,,,,,,,,,,,,,,
U,345430621,cc-set132,I LOVE YOUセット メッセージクッキー 45枚セット(箱入り)お祝い・ギフト・お返し個別包装,,,,,,,,,,,,,,,,,,,,,
U,345430623,cc-set133,応援セット メッセージクッキー 15枚セット(箱入り)お祝い・ギフト・お返し個別包装,,,,,,,,,,,,,,,,,,,,,
U,345430626,cc-set134,応援セット メッセージクッキー 30枚セット(箱入り)お祝い・ギフト・お返し個別包装,,,,,,,,,,,,,,,,,,,,,
U,345430622,cc-set137,どうぶつの結婚式セット メッセージクッキー 30枚セット(箱入り)お祝い・ギフト・お返し個別包装,,,,,,,,,,,,,,,,,,,,,
U,345430628,cc-set138,どうぶつの結婚式セット メッセージクッキー 15枚セット(箱入り)お祝い・ギフト・お返し個別包装,,,,,,,,,,,,,,,,,,,,,
U,345430631,cc-set139,産休 お菓子 Babyメッセージクッキー45枚セット(箱入り)お礼 ギフト　個別包装 ショークッキー,NULL,あす着配送の注意事項について:確認しました(商品ページの記載バナーを確認しました）,NULL,,,,,,,,,,,,,,,,,,
U,345430625,cc-set14,ありがとう お菓子 手土産 メッセージクッキーお得な15枚セット(箱入り)お礼 プチギフト　個別包装,NULL,あす着配送の注意事項について:確認しました(商品ページの記載バナーを確認しました）,NULL,,,,,,,,,,,,,,,,,,
U,345430627,cc-set141,転勤 退職 お礼 お菓子 サラリーマン伊藤のプリントクッキー45枚セット(箱入り)ご挨拶 ギフト　個別包装,NULL,あす着配送の注意事項について:確認しました(商品ページの記載バナーを確認しました）,NULL,,,,,,,,,,,,,,,,,,
U,345430632,cc-set142,転職 退職 お礼 カラフルプリントクッキー45枚セット(箱入り)ご挨拶 ギフト個別包装,NULL,あす着配送の注意事項について:確認しました(商品ページの記載バナーを確認しました）,NULL,,,,,,,,,,,,,,,,,,
U,345430637,cc-set143,転勤や退職のあいさつに(パターン柄)…プリントクッキー45枚セット(箱入り)お礼・ギフト個別包装,NULL,あす着配送の注意事項について:確認しました(商品ページの記載バナーを確認しました）,NULL,,,,,,,,,,,,,,,,,,
U,345430630,cc-set144,退職 お礼 (毛筆)…プリントクッキー45枚セット(箱入り)ご挨拶 お菓子 プチギフト お世話になりました個別包装,NULL,あす着配送の注意事項について:確認しました(商品ページの記載バナーを確認しました）,NULL,,,,,,,,,,,,,,,,,,
U,345430635,cc-set145,産休 あいさつに お菓子 メッセージクッキー45枚セット(箱入り)お礼 ギフト 個包装 お世話になりました個別包装,NULL,あす着配送の注意事項について:確認しました(商品ページの記載バナーを確認しました）,NULL,,,,,,,,,,,,,,,,,,
U,345430640,cc-set146,転勤 退職 お礼(ポップ)…メッセージクッキー45枚セット(箱入り)ご挨拶 ギフト お世話になりました個別包装,NULL,あす着配送の注意事項について:確認しました(商品ページの記載バナーを確認しました）,NULL,,,,,,,,,,,,,,,,,,
U,345430638,cc-set147,転勤や退職のあいさつに…メッセージクッキー45枚セット(箱入り)お礼・ギフト個別包装,NULL,あす着配送の注意事項について:確認しました(商品ページの記載バナーを確認しました）,NULL,,,,,,,,,,,,,,,,,,
U,345430641,cc-set149,ありがとう お菓子 プチギフト メッセージクッキーお得な45枚セット(箱入り)お礼個別包装,,あす着配送の注意事項について:確認しました(商品ページの記載バナーを確認しました）,,,,,,,,,,,,,,,,,,,
U,345430636,cc-set15,女子会 - 手土産 メッセージクッキーお得な30枚セット(箱入り)お礼・プチギフト個別包装,,,,,,,,,,,,,,,,,,,,,
U,345430639,cc-set150,ありがとう お菓子 メッセージクッキーお得な45枚セット(箱入り) 女子会個別包装プチギフト,,,,,,,,,,,,,,,,,,,,,
U,345430642,cc-set151,両親 お礼 メッセージクッキーお得な45枚セット(箱入り)プチギフト個別包装,,,,,,,,,,,,,,,,,,,,,
U,345430644,cc-set152,誕生パーティーに最適なプリントクッキーお得な45枚セット(箱入り)お礼・プチギフト個別包装,,,,,,,,,,,,,,,,,,,,,
U,345430643,cc-set153,どうぶつお祝いセットトメッセージクッキーお得な45枚セット(箱入り)お礼・プチギフト個別包装,,,,,,,,,,,,,,,,,,,,,
U,345430645,cc-set154,和風お祝いセットメッセージクッキーお得な45枚セット(箱入り)お礼・プチギフト個別包装,,,,,,,,,,,,,,,,,,,,,
U,345430328,cc-set155,どうぶつの結婚式セット メッセージクッキー 45枚セット(箱入り)お祝い・ギフト・お返し個別包装,,,,,,,,,,,,,,,,,,,,,
U,345430646,cc-set156,Girl&Boyセット メッセージクッキー 45枚セット(箱入り)お祝い・ギフト・お返し個別包装,,,,,,,,,,,,,,,,,,,,,
U,345430647,cc-set157,結婚祝いに送るメッセージクッキー45枚セット(箱入り)お祝い・ギフト個別包装,,,,,,,,,,,,,,,,,,,,,
U,345430648,cc-set158,出産祝いに送るメッセージクッキーお得な45枚セット(箱入り)お礼・プチギフト個別包装,,,,,,,,,,,,,,,,,,,,,
U,345430649,cc-set159,入園・卒園おめでとうメッセージクッキーお得な45枚セット(箱入り)お礼・プチギフト・ショー個別包装,,,,,,,,,,,,,,,,,,,,,
U,345430329,cc-set160,お礼 お菓子 メッセージクッキー 45枚セット(箱入り)お祝い ギフト 応援セット個別包装,,,,,,,,,,,,,,,,,,,,,
U,345430652,cc-set161,I LOVE YOUセット メッセージクッキー 45枚セット(箱入り)お祝い・ギフト・お返し個別包装,,,,,,,,,,,,,,,,,,,,,
U,345430651,cc-set162,内祝いセット[ピンク]出産祝いに送るメッセージクッキーお得な45枚セット(箱入り)お礼個別包装,,,,,,,,,,,,,,,,,,,,,
U,345430330,cc-set163,内祝いセット[水色]出産祝いに送るメッセージクッキーお得な45枚セット(箱入り)お礼個別包装,,,,,,,,,,,,,,,,,,,,,
U,345430654,cc-set164,転勤 退職 お礼 メッセージがプリントされたクッキー45枚セット(個包装)ギフト ご挨拶 お菓子個別包装,NULL,あす着配送の注意事項について:確認しました(商品ページの記載バナーを確認しました）,NULL,,,,,,,,,,,,,,,,,,
U,345430653,cc-set165,転勤や退職のあいさつに(爽やかリーマン坂口)…メッセージクッキー15枚セット(箱入り)ギフト個別包装,NULL,あす着配送の注意事項について:確認しました(商品ページの記載バナーを確認しました）,NULL,,,,,,,,,,,,,,,,,,
U,345430331,cc-set166,転勤 退職 お礼 (爽やかリーマン坂口)…メッセージクッキー30枚セット(箱入り)ギフト 退職個別包装,NULL,あす着配送の注意事項について:確認しました(商品ページの記載バナーを確認しました）,NULL,,,,,,,,,,,,,,,,,,
U,345430656,cc-set167,転勤 退職 お礼 (爽やかリーマン坂口)…メッセージクッキー45枚セット(箱入り)ギフト　ご挨拶個別包装,NULL,あす着配送の注意事項について:確認しました(商品ページの記載バナーを確認しました）,NULL,,,,,,,,,,,,,,,,,,
U,345430655,cc-set168,育休のあいさつに(爽やかリーマン坂口)…メッセージクッキー15枚セット(箱入り)ギフト　退職個別包装,,あす着配送の注意事項について:確認しました(商品ページの記載バナーを確認しました）,,,,,,,,,,,,,,,,,,,
U,345430332,cc-set169,結婚内祝いに送るメッセージクッキー 45枚セット(箱入り)お祝い・ギフト・お返し個別包装,,,,,,,,,,,,,,,,,,,,,
U,345430657,cc-set17,結婚祝いに送るメッセージクッキー15枚セット(箱入り)お祝い・ギフト個別包装,,,,,,,,,,,,,,,,,,,,,
U,345430333,cc-set172,退職 お礼 お菓子 メッセージクッキー どうぶつたちのお礼セット(45枚入)ご挨拶 プチギフト個別包装,NULL,あす着配送の注意事項について:確認しました(商品ページの記載バナーを確認しました）,NULL,,,,,,,,,,,,,,,,,,
U,345430658,cc-set173,産休のあいさつに 天使メッセージクッキー15枚セット(箱入り)お礼・ギフト・ショークッキー個別包装,,あす着配送の注意事項について:確認しました(商品ページの記載バナーを確認しました）,,,,,,,,,,,,,,,,,,,
U,345430659,cc-set174,産休のあいさつに 天使メッセージクッキー30枚セット(箱入り)お礼・ギフト・ショークッキー個別包装,,あす着配送の注意事項について:確認しました(商品ページの記載バナーを確認しました）,,,,,,,,,,,,,,,,,,,
U,345430336,cc-set175,産休 お礼 天使メッセージクッキー45枚セット(箱入り)ご挨拶 ギフト ショークッキー個別包装,,あす着配送の注意事項について:確認しました(商品ページの記載バナーを確認しました）,,,,,,,,,,,,,,,,,,,
U,345430335,cc-set176,転勤や退職のあいさつに　ねこメッセージクッキー15枚セット(箱入り)お礼・ギフト・ショーク個別包装,NULL,あす着配送の注意事項について:確認しました(商品ページの記載バナーを確認しました）,NULL,,,,,,,,,,,,,,,,,,
U,345430338,cc-set178,転勤 退職 お礼 ねこメッセージクッキー45枚セット(箱入り)ご挨拶 ギフト ショークッキー個別包装,NULL,あす着配送の注意事項について:確認しました(商品ページの記載バナーを確認しました）,NULL,,,,,,,,,,,,,,,,,,
U,345430337,cc-set179,転勤や退職のあいさつに　メッセージクッキー15枚セット(箱入り)お礼・ギフト・ショークッキ個別包装,NULL,あす着配送の注意事項について:確認しました(商品ページの記載バナーを確認しました）,NULL,,,,,,,,,,,,,,,,,,
U,345430660,cc-set18,結婚祝いに送るメッセージクッキー30枚セット(箱入り)お祝い・ギフト個別包装,NULL,あす着配送の注意事項について:確認しました(商品ページの記載バナーを確認しました）,NULL,,,,,,,,,,,,,,,,,,
U,345430339,cc-set180,退職 お礼 メッセージクッキー30枚セット(箱入り)あいさつ ギフト ショークッキー個別包装,NULL,あす着配送の注意事項について:確認しました(商品ページの記載バナーを確認しました）,NULL,,,,,,,,,,,,,,,,,,
U,345430661,cc-set181,転勤 退職 お礼 お菓子 メッセージクッキー45枚セット(箱入り)ご挨拶 ギフト 個包装個別包装,NULL,あす着配送の注意事項について:確認しました(商品ページの記載バナーを確認しました）,NULL,,,,,,,,,,,,,,,,,,
U,345430340,cc-set182,転勤 退職 あいさつ お菓子 メッセージクッキー15枚セット(箱入り)お礼 ギフト 個包装個別包装,NULL,あす着配送の注意事項について:確認しました(商品ページの記載バナーを確認しました）,NULL,,,,,,,,,,,,,,,,,,
U,345430341,cc-set183,転勤 退職 お礼 お菓子 メッセージクッキー30枚セット(箱入り)ご挨拶 ギフト 個包装,NULL,あす着配送の注意事項について:確認しました(商品ページの記載バナーを確認しました）,NULL,,,,,,,,,,,,,,,,,,
U,345430662,cc-set184,転勤 退職 お礼 お菓子 メッセージクッキー45枚セット(箱入り)ご挨拶 ギフト 個包装 お世話にな,NULL,あす着配送の注意事項について:確認しました(商品ページの記載バナーを確認しました）,NULL,,,,,,,,,,,,,,,,,,
U,345430342,cc-set185,転勤 退職 あいさつ お菓子 メッセージクッキー15枚セット(箱入り)お礼 ギフト 個包装 お世話に,NULL,あす着配送の注意事項について:確認しました(商品ページの記載バナーを確認しました）,NULL,,,,,,,,,,,,,,,,,,
U,345430663,cc-set187,転勤 退職 お礼 お菓子 メッセージクッキー45枚セット(箱入り)ご挨拶 ギフト 送料無料 個別包装,NULL,あす着配送の注意事項について:確認しました(商品ページの記載バナーを確認しました）,NULL,,,,,,,,,,,,,,,,,,
U,345430664,cc-set188,転勤 退職 あいさつ お菓子 メッセージクッキー15枚セット(箱入り)お礼 ギフト 個包装 お世話に,NULL,あす着配送の注意事項について:確認しました(商品ページの記載バナーを確認しました）,NULL,,,,,,,,,,,,,,,,,,
U,345430665,cc-set189,転勤 退職 お礼 お菓子 メッセージクッキー30枚セット(箱入り)ご挨拶 ギフト 送料無料  個包装 ,NULL,あす着配送の注意事項について:確認しました(商品ページの記載バナーを確認しました）,NULL,,,,,,,,,,,,,,,,,,
U,345430666,cc-set190,転勤 退職 お礼 お菓子 メッセージクッキー45枚セット(箱入り)ご挨拶 ギフト 送料無料 　個別包装,NULL,あす着配送の注意事項について:確認しました(商品ページの記載バナーを確認しました）,NULL,,,,,,,,,,,,,,,,,,
U,345430686,cc-set192,産休 お菓子 動物メッセージクッキー お得な75枚セット(箱入り)お礼 ギフト 挨拶個別包装,NULL,あす着配送の注意事項について:確認しました(商品ページの記載バナーを確認しました）,NULL,,,,,,,,,,,,,,,,,,
U,345430668,cc-set193,退職 お菓子 挨拶 シンプルなメッセージクッキー 75枚セット(箱入り)お礼 ギフト個別包装,NULL,あす着配送の注意事項について:確認しました(商品ページの記載バナーを確認しました）,NULL,,,,,,,,,,,,,,,,,,
U,345430687,cc-set194,退職 お菓子 挨拶 毛筆風のメッセージクッキー お得な75枚セット(箱入り)お礼 ギフト個別包装,NULL,あす着配送の注意事項について:確認しました(商品ページの記載バナーを確認しました）,NULL,,,,,,,,,,,,,,,,,,
U,345430688,cc-set195,産休 お菓子 あいさつにBabyメッセージクッキー お得な75枚セット(箱入り)お礼 ギフト 送料無料 　個別包装,NULL,あす着配送の注意事項について:確認しました(商品ページの記載バナーを確認しました）,NULL,,,,,,,,,,,,,,,,,,
U,345430669,cc-set196,産休 あいさつ お菓子 お花どうぶつメッセージクッキー お得な75枚セット(箱入り)お礼 ギフト　個別包装,NULL,あす着配送の注意事項について:確認しました(商品ページの記載バナーを確認しました）,NULL,,,,,,,,,,,,,,,,,,
U,345430689,cc-set197,産休 お菓子 あいさつに…天使メッセージクッキー 75枚セット(箱入り)お礼 ギフト 送料無料 個別包装,NULL,あす着配送の注意事項について:確認しました(商品ページの記載バナーを確認しました）,NULL,,,,,,,,,,,,,,,,,,
U,345430690,cc-set198,転勤 退職 お菓子 あいさつにサラリーマン伊藤君のメッセージクッキー お得な75枚セット(箱入　個別包装,NULL,あす着配送の注意事項について:確認しました(商品ページの記載バナーを確認しました）,NULL,,,,,,,,,,,,,,,,,,
U,345430670,cc-set199,転勤 退職 お菓子 あいさつにカラフルなメッセージクッキー お得な75枚セット(箱入り)お礼個別包装,NULL,あす着配送の注意事項について:確認しました(商品ページの記載バナーを確認しました）,NULL,,,,,,,,,,,,,,,,,,
U,345430691,cc-set200,転勤 退職 お菓子 あいさつにパターン柄のメッセージクッキー お得な75枚セット(箱入り)お礼個別包装,NULL,あす着配送の注意事項について:確認しました(商品ページの記載バナーを確認しました）,NULL,,,,,,,,,,,,,,,,,,
U,345430692,cc-set201,転勤 退職 お菓子 あいさつにポップなメッセージクッキー お得な75枚セット(箱入り)お礼個別包装,NULL,あす着配送の注意事項について:確認しました(商品ページの記載バナーを確認しました）,NULL,,,,,,,,,,,,,,,,,,
U,345430671,cc-set202,転勤 退職 お菓子 あいさつにぞうのメッセージクッキー お得な75枚セット(箱入り)お礼個別包装,NULL,あす着配送の注意事項について:確認しました(商品ページの記載バナーを確認しました）,NULL,,,,,,,,,,,,,,,,,,
U,345430693,cc-set203,転勤 退職 お礼 あいさつに あとは任せた メッセージクッキー お得な75枚セット(箱入り)　個別包装,NULL,あす着配送の注意事項について:確認しました(商品ページの記載バナーを確認しました）,NULL,,,,,,,,,,,,,,,,,,
U,345430694,cc-set204,転勤 退職 お菓子 あいさつに爽やかリーマン坂口君のメッセージクッキー お得な75枚セット(箱　個別包装,NULL,あす着配送の注意事項について:確認しました(商品ページの記載バナーを確認しました）,NULL,,,,,,,,,,,,,,,,,,
U,345430672,cc-set205,転勤 退職 お菓子 あいさつにどうぶつたちのお礼のメッセージクッキー お得な75枚セット(箱入　個別包装,NULL,あす着配送の注意事項について:確認しました(商品ページの記載バナーを確認しました）,NULL,,,,,,,,,,,,,,,,,,
U,345430695,cc-set206,転勤 退職 お菓子 あいさつにねこのメッセージクッキー お得な75枚セット(箱入り)お礼 ギフト個別包装,NULL,あす着配送の注意事項について:確認しました(商品ページの記載バナーを確認しました）,NULL,,,,,,,,,,,,,,,,,,
U,345430696,cc-set207,転勤 退職 お菓子 あいさつにパステル柄のメッセージクッキー お得な75枚セット(箱入り)お礼個別包装,NULL,あす着配送の注意事項について:確認しました(商品ページの記載バナーを確認しました）,NULL,,,,,,,,,,,,,,,,,,
U,345430673,cc-set208,転勤 退職 あいさつにどうぶつたちのお礼ハートのメッセージクッキー お得な75枚セット(箱入　個別包装,NULL,あす着配送の注意事項について:確認しました(商品ページの記載バナーを確認しました）,NULL,,,,,,,,,,,,,,,,,,
U,345430697,cc-set209,転勤 退職 お菓子 あいさつにどうぶつたちのお礼ボーダー柄のメッセージクッキー お得な75枚　個別包装,NULL,あす着配送の注意事項について:確認しました(商品ページの記載バナーを確認しました）,NULL,,,,,,,,,,,,,,,,,,
U,345430674,cc-set210,転勤 退職 お菓子 あいさつにリボンのメッセージクッキー お得な75枚セット(箱入り)お礼 ギフ　個別包装,NULL,あす着配送の注意事項について:確認しました(商品ページの記載バナーを確認しました）,NULL,,,,,,,,,,,,,,,,,,
U,345430698,cc-set211,ありがとう お菓子 Thank youメッセージクッキー15枚セット 箱入り お礼 プチギフト プリントクッ　個別包装,,あす着配送の注意事項について:確認しました(商品ページの記載バナーを確認しました）,,,,,,,,,,,,,,,,,,,
U,345430699,cc-set212,ありがとう お菓子 Thank youメッセージクッキー 30枚セット(箱入り)お礼 プチギフト 個包装　個別包装,,あす着配送の注意事項について:確認しました(商品ページの記載バナーを確認しました）,,,,,,,,,,,,,,,,,,,
U,345430675,cc-set213,お礼 お菓子 メッセージクッキーお得な45枚セット(箱入り)お礼 プチギフト 個包装 お世話にな　個別包装,NULL,あす着配送の注意事項について:確認しました(商品ページの記載バナーを確認しました）,NULL,,,,,,,,,,,,,,,,,,
U,345430676,cc-set214,産休 あいさつ お菓子 ハート＆ボーダー15枚セット(箱入り)お礼 ギフト 個包装,NULL,あす着配送の注意事項について:確認しました(商品ページの記載バナーを確認しました）,NULL,,,,,,,,,,,,,,,,,,
U,345430700,cc-set215,産休 あいさつ お菓子 ハート＆ボーダー30枚セット(箱入り)お礼 ギフト 個包装,NULL,あす着配送の注意事項について:確認しました(商品ページの記載バナーを確認しました）,NULL,,,,,,,,,,,,,,,,,,
U,345430701,cc-set216,産休 お菓子 お礼 ハート＆ボーダー45枚セット(箱入り)ご挨拶 ギフト ショークッキー　個別包装,NULL,あす着配送の注意事項について:確認しました(商品ページの記載バナーを確認しました）,NULL,,,,,,,,,,,,,,,,,,
U,345430703,cc-set217,産休 お菓子 あいさつ ハート＆ボーダー お得な75枚セット(箱入り)お礼 ギフト　個別包装,NULL,あす着配送の注意事項について:確認しました(商品ページの記載バナーを確認しました）,NULL,,,,,,,,,,,,,,,,,,
U,345430680,cc-set23,出産祝い お菓子 メッセージクッキーお得な15枚セット(箱入り)お礼 個包装,,,,,,,,,,,,,,,,,,,,,
U,345430734,cc-set24,出産祝い お菓子 メッセージクッキーお得な30枚セット(箱入り)お礼 プチギフト 個包装,,,,,,,,,,,,,,,,,,,,,
U,345430743,cc-set26,ありがとう お菓子 メッセージクッキーお得な15枚セット(箱入り)お礼 プチギフト　個別包装,,,,,,,,,,,,,,,,,,,,,
U,345430744,cc-set27,ありがとう プチギフト メッセージクッキーお得な30枚セット(箱入り)お礼・プチギフト　個別包装,NULL,あす着配送の注意事項について:確認しました(商品ページの記載バナーを確認しました）,NULL,,,,,,,,,,,,,,,,,,
U,345430749,cc-set29,誕生日 お菓子 メッセージクッキーお得な15枚セット(箱入り)お礼 プチギフト 個包装,,,,,,,,,,,,,,,,,,,,,
U,345430751,cc-set30,誕生日 お菓子 メッセージクッキーお得な30枚セット(箱入り)お礼 プチギフト 個包装,,,,,,,,,,,,,,,,,,,,,
U,345430760,cc-set35,ホワイトデーに送るメッセージクッキーお得な15枚セット(箱入り)ホワイトデーお返し 小学生　w_バラマキ,,,,,,,,,,,,,,,,,,,,,
U,345430764,cc-set36,ホワイトデーに送るメッセージクッキーお得な30枚セット(箱入り)ホワイトデーお返し 小学生　w_バラマキ,,,,,,,,,,,,,,,,,,,,,
U,345430762,cc-set41, 転勤 退職 お菓子 あいさつ シンプルなメッセージクッキー15枚セット(箱入り)お礼・ギフト　個別包装,NULL,あす着配送の注意事項について:確認しました(商品ページの記載バナーを確認しました）,NULL,,,,,,,,,,,,,,,,,,
U,345430766,cc-set42,転勤 退職 お菓子 お礼 シンプルなプリントクッキー30枚セット(箱入り)あいさつ ギフト お世話　個別包装,NULL,あす着配送の注意事項について:確認しました(商品ページの記載バナーを確認しました）,NULL,,,,,,,,,,,,,,,,,,
U,345431211,cc-set53,転勤 退職 お菓子 あいさつ ポップなメッセージクッキー15枚セット(箱入り)お礼・ギフト　個別包装,NULL,あす着配送の注意事項について:確認しました(商品ページの記載バナーを確認しました）,NULL,,,,,,,,,,,,,,,,,,
U,345431225,cc-set54,転勤 退職 お菓子 お礼 ポップなメッセージクッキー30枚セット(箱入り)お礼 ギフト お世話にな　個別包装,NULL,あす着配送の注意事項について:確認しました(商品ページの記載バナーを確認しました）,NULL,,,,,,,,,,,,,,,,,,
U,345431216,cc-set56,転勤 退職 お菓子 お礼 あいさつ 毛筆のメッセージクッキー15枚セット(箱入り)感謝の言葉をプ　個別包装,NULL,あす着配送の注意事項について:確認しました(商品ページの記載バナーを確認しました）,NULL,,,,,,,,,,,,,,,,,,
U,345431226,cc-set57,転勤 退職 お菓子 お礼 毛筆のプリントクッキー30枚セット(箱入り)ご挨拶 ギフト お世話になり　個別包装,NULL,あす着配送の注意事項について:確認しました(商品ページの記載バナーを確認しました）,NULL,,,,,,,,,,,,,,,,,,
U,345431357,cc-set59,転勤 退職 お菓子 あいさつ 元気な営業さんのメッセージクッキー15枚セット(箱入り)お礼　個別包装,NULL,あす着配送の注意事項について:確認しました(商品ページの記載バナーを確認しました）,NULL,,,,,,,,,,,,,,,,,,
U,345431371,cc-set66,産休 お菓子 あいさつ メッセージクッキー15枚セット(箱入り)お礼 ギフト　個別包装,NULL,あす着配送の注意事項について:確認しました(商品ページの記載バナーを確認しました）,NULL,,,,,,,,,,,,,,,,,,
U,345431367,cc-set67,産休 お菓子 あいさつ メッセージクッキー30枚セット(箱入り)お礼・ギフト　個別包装,NULL,あす着配送の注意事項について:確認しました(商品ページの記載バナーを確認しました）,NULL,,,,,,,,,,,,,,,,,,
U,345431368,cc-set69,転勤 退職 お菓子 あいさつ パターン柄のメッセージクッキー15枚セット(箱入り)お礼・ギフト　個別包装,NULL,あす着配送の注意事項について:確認しました(商品ページの記載バナーを確認しました）,NULL,,,,,,,,,,,,,,,,,,
U,345431370,cc-set70,転勤 退職 お菓子 お礼 パターン柄のプリントクッキー30枚セット(箱入り) ギフト お世話になり　個別包装,NULL,あす着配送の注意事項について:確認しました(商品ページの記載バナーを確認しました）,NULL,,,,,,,,,,,,,,,,,,
U,345431377,cc-set75,入園・卒園祝いメッセージクッキー15枚セット(箱入り)お礼・ギフト　個別包装,,,,,,,,,,,,,,,,,,,,,
U,345431232,cc-set76,入園・卒園祝いメッセージクッキー30枚セット(箱入り)お礼・ギフト　個別包装,,,,,,,,,,,,,,,,,,,,,
U,345431378,cc-set78,転勤 退職 お菓子 あいさつ サラリーマン伊藤のメッセージクッキー15枚セット(箱入り)お礼　個別包装,NULL,あす着配送の注意事項について:確認しました(商品ページの記載バナーを確認しました）,NULL,,,,,,,,,,,,,,,,,,
U,345431233,cc-set79,転勤 退職 お菓子 お礼 サラリーマン伊藤のプリントクッキー30枚セット(箱入り)ご挨拶 ギフト　個別包装,NULL,あす着配送の注意事項について:確認しました(商品ページの記載バナーを確認しました）,NULL,,,,,,,,,,,,,,,,,,
U,345431234,cc-set81,退職 お菓子 プチギフト お礼 あいさつにカラフルなプリントクッキー15枚セット(箱入り)お礼　個別包装,NULL,あす着配送の注意事項について:確認しました(商品ページの記載バナーを確認しました）,NULL,,,,,,,,,,,,,,,,,,
U,345431235,cc-set82,転職 退職 お菓子 お礼 カラフルなプリントクッキー30枚セット(箱入り)ご挨拶プチギフト個別包装,NULL,あす着配送の注意事項について:確認しました(商品ページの記載バナーを確認しました）,NULL,,,,,,,,,,,,,,,,,,
U,345431388,cc-set99,産休 お菓子 あいさつに動物のメッセージクッキー15枚セット(箱入り)お礼 ギフト個別包装,NULL,あす着配送の注意事項について:確認しました(商品ページの記載バナーを確認しました）,NULL,,,,,,,,,,,,,,,,,,
U,345431397,gift-boxb-r,メッセージクッキー用ギフトボックス（15〜30枚）,,,,,,,,,,,,,,,,,,,,,
U,345431432,kumazu_04set,送料無料 プチギフト くまの焼き菓子セット クマーズ4 お試し ギフト  ポイント 消化,,,,,,,,,,,,,,,,,,,,,
U,345431448,locabo-strawberry-roll2,送料無料  乳酸菌配合　低糖質 お取り寄せスイーツ 完熟いちごロールケーキ 2箱セット14%OFF　割引ギフト 　母の日,,,,,,,,,,,,,,,,,,,,,
U,345431450,locabo-strawberry-roll3,送料無料 乳酸菌配合　低糖質 お取り寄せスイーツ 完熟いちごロールケーキ 3箱セット19%OFF　割引　母の日,,,,,,,,,,,,,,,,,,,,,
U,345431453,nrc-locabo4,送料無料 ひんやり濃厚低糖質レアチーズケーキ4号(12cm)　1〜2名用　1カット糖質1.6ｇ　低糖質　ダイエット,NULL,あす着配送の注意事項について:確認しました(商品ページの記載バナーを確認しました）,NULL,,,,,,,,,,,,,,,,,,
U,345431739,pm-set107,送料無料 転勤 退職 お菓子 どうぶつたちのお礼メッセージマカロン 5個セット(箱入り)お礼 プチギフト,NULL,あす着配送の注意事項について:確認しました(商品ページの記載バナーを確認しました）,NULL,,,,,,,,,,,,,,,,,,
U,345431741,pm-set108,送料無料 転職 退職 お菓子 お礼 どうぶつたちのお礼メッセージマカロン 10個セット(箱入り)ご挨拶,NULL,あす着配送の注意事項について:確認しました(商品ページの記載バナーを確認しました）,NULL,,,,,,,,,,,,,,,,,,
U,345431742,pm-set109,送料無料 転職 退職 お菓子 お礼 どうぶつたちのお礼メッセージマカロン 20個セット(箱入り)ご挨拶,NULL,あす着配送の注意事項について:確認しました(商品ページの記載バナーを確認しました）,NULL,,,,,,,,,,,,,,,,,,
U,345431764,pm-set11,送料無料 出産祝い お菓子 メッセージマカロン プチギフト,NULL,あす着配送の注意事項について:確認しました(商品ページの記載バナーを確認しました）,NULL,,,,,,,,,,,,,,,,,,
U,345431765,pm-set110,送料無料 ありがとう お菓子 メッセージマカロン 5個セット(箱入り)お礼 プチギフト　,NULL,あす着配送の注意事項について:確認しました(商品ページの記載バナーを確認しました）,NULL,,,,,,,,,,,,,,,,,,
U,345431767,pm-set111,送料無料 ありがとう お菓子 メッセージマカロン 10個セット(箱入り)お礼 プチギフト　,NULL,あす着配送の注意事項について:確認しました(商品ページの記載バナーを確認しました）,NULL,,,,,,,,,,,,,,,,,,
U,345431768,pm-set112,送料無料 ●○レトロポップ●○メッセージマカロン 20個セット(箱入り)お礼・プチギフト　,NULL,あす着配送の注意事項について:確認しました(商品ページの記載バナーを確認しました）,NULL,,,,,,,,,,,,,,,,,,
U,345431770,pm-set113,送料無料 ありがとう お菓子 メッセージマカロン 5個セット(箱入り)お礼 プチギフト　,NULL,あす着配送の注意事項について:確認しました(商品ページの記載バナーを確認しました）,NULL,,,,,,,,,,,,,,,,,,
U,345431772,pm-set114,送料無料 お花のラブリー♪ありがとうメッセージマカロン 10個セット(箱入り)お礼・プチギフト　,NULL,あす着配送の注意事項について:確認しました(商品ページの記載バナーを確認しました）,NULL,,,,,,,,,,,,,,,,,,
U,345432051,pm-set12,送料無料 出産祝い お菓子 メッセージマカロン 10個セット お祝い プチギフト　,NULL,あす着配送の注意事項について:確認しました(商品ページの記載バナーを確認しました）,NULL,,,,,,,,,,,,,,,,,,
U,345432054,pm-set13,送料無料 退職 お菓子 お世話になりましたメッセージマカロン 5個セット お礼 挨拶 プチギフト　,NULL,あす着配送の注意事項について:確認しました(商品ページの記載バナーを確認しました）,NULL,,,,,,,,,,,,,,,,,,
U,345432079,pm-set14,送料無料 転職 退職 お菓子 お礼 メッセージマカロン 10個セット ご挨拶 プチギフト お世話になりました　,NULL,あす着配送の注意事項について:確認しました(商品ページの記載バナーを確認しました）,NULL,,,,,,,,,,,,,,,,,,
U,345432080,pm-set15,送料無料 おいしいスイーツ・おめでとう！メッセージマカロン 5個セット(箱入り)お祝い・プチギフト　,NULL,あす着配送の注意事項について:確認しました(商品ページの記載バナーを確認しました）,NULL,,,,,,,,,,,,,,,,,,
U,345432063,pm-set16,送料無料 おめでとう お菓子 メッセージマカロン 10個セット　お祝い プチギフト　,NULL,あす着配送の注意事項について:確認しました(商品ページの記載バナーを確認しました）,NULL,,,,,,,,,,,,,,,,,,
U,345432086,pm-set17,送料無料 応援 お菓子 がんばれ メッセージマカロン 5個セット　お礼 プチギフト　,NULL,あす着配送の注意事項について:確認しました(商品ページの記載バナーを確認しました）,NULL,,,,,,,,,,,,,,,,,,
U,345432081,pm-set18,送料無料 応援 がんばれ お菓子 メッセージマカロン 10個セット プチギフト　,NULL,あす着配送の注意事項について:確認しました(商品ページの記載バナーを確認しました）,NULL,,,,,,,,,,,,,,,,,,
U,345432085,pm-set19,送料無料 大好き お菓子 すき メッセージマカロン 5個セット お礼 プチギフト　,NULL,あす着配送の注意事項について:確認しました(商品ページの記載バナーを確認しました）,NULL,,,,,,,,,,,,,,,,,,
U,345432088,pm-set2,送料無料 ありがとう お菓子 メッセージマカロン 10個セットお礼 プチギフト,NULL,あす着配送の注意事項について:確認しました(商品ページの記載バナーを確認しました）,NULL,,,,,,,,,,,,,,,,,,
U,345432082,pm-set20,送料無料 大好き お菓子 メッセージマカロン 10個セット　お礼 プチギフト　,NULL,あす着配送の注意事項について:確認しました(商品ページの記載バナーを確認しました）,NULL,,,,,,,,,,,,,,,,,,
U,345432087,pm-set21,送料無料 お詫び お菓子 ごめんなさい… メッセージマカロン 5個セット 謝罪 プチギフト　,,あす着配送の注意事項について:確認しました(商品ページの記載バナーを確認しました）,,,,,,,,,,,,,,,,,,,
U,345432090,pm-set22,送料無料 お詫び ごめんなさい 謝罪 お菓子 メッセージマカロン 10個セット プチギフト　,,あす着配送の注意事項について:確認しました(商品ページの記載バナーを確認しました）,,,,,,,,,,,,,,,,,,,
U,345432083,pm-set23,送料無料 産休 お菓子 挨拶 メッセージマカロン 5個セット 感謝とお礼 プチギフト,NULL,あす着配送の注意事項について:確認しました(商品ページの記載バナーを確認しました）,NULL,,,,,,,,,,,,,,,,,,
U,345432089,pm-set24,送料無料 産休 お菓子 メッセージマカロン 10個セット お礼 挨拶 プチギフト　,NULL,あす着配送の注意事項について:確認しました(商品ページの記載バナーを確認しました）,NULL,,,,,,,,,,,,,,,,,,
U,345432092,pm-set25,送料無料 産休 お菓子 あいさつにメッセージマカロン 20個セット お礼 プチギフト　,NULL,あす着配送の注意事項について:確認しました(商品ページの記載バナーを確認しました）,NULL,,,,,,,,,,,,,,,,,,
U,345432091,pm-set27,送料無料  おいしいスイーツ・敬老の日のメッセージマカロン 5個セット　お祝い・プチギフト　,,あす着配送の注意事項について:確認しました(商品ページの記載バナーを確認しました）,,,,,,,,,,,,,,,,,,,
U,345432093,pm-set28,送料無料 おいしいスイーツ・敬老の日のメッセージマカロン 10個セット　お祝い・プチギフト　,,あす着配送の注意事項について:確認しました(商品ページの記載バナーを確認しました）,,,,,,,,,,,,,,,,,,,
U,345432095,pm-set3,送料無料 誕生日 お菓子 HappyBirthDay!!メッセージマカロン 5個セット お祝い プチギフト　,NULL,あす着配送の注意事項について:確認しました(商品ページの記載バナーを確認しました）,NULL,,,,,,,,,,,,,,,,,,
U,345432103,pm-set4,送料無料 誕生日 お菓子 メッセージマカロン 10個セット(箱入り)お祝い プチギフト　,NULL,あす着配送の注意事項について:確認しました(商品ページの記載バナーを確認しました）,NULL,,,,,,,,,,,,,,,,,,
U,345432104,pm-set447,【送料無料】ホワイトデーメッセージマカロン 10個セット(箱入り)ホワイトデーお返し 小学生　w_バラマキ,,,,,,,,,,,,,,,,,,,,,
U,345432108,pm-set46,【送料無料】ホワイトデーメッセージマカロン 5個セット(箱入り)ホワイトデーお返し 小学生　w_バラマキ,,,,,,,,,,,,,,,,,,,,,
U,345432109,pm-set54,送料無料 入学祝 お菓子 メッセージマカロン 5個セット お礼 プチギフト　,,,,,,,,,,,,,,,,,,,,,
U,345432110,pm-set55,送料無料 祝＊ご入学 メッセージマカロン 10個セット　お礼・プチギフト　,,,,,,,,,,,,,,,,,,,,,
U,345432111,pm-set56,送料無料 祝＊ご入学 メッセージマカロン 20個セットお礼・プチギフト　,,,,,,,,,,,,,,,,,,,,,
U,345432124,pm-set57,送料無料  お疲れ様 メッセージマカロン 5個セット お礼 プチギフト　,NULL,あす着配送の注意事項について:確認しました(商品ページの記載バナーを確認しました）,NULL,,,,,,,,,,,,,,,,,,
U,345432113,pm-set58,送料無料  お疲れ様でした お菓子 メッセージマカロン 10個セットご挨拶 プチギフト お世話になりました　,NULL,あす着配送の注意事項について:確認しました(商品ページの記載バナーを確認しました）,NULL,,,,,,,,,,,,,,,,,,
U,345432112,pm-set59,送料無料  転職 退職 お菓子 お礼 お疲れ様でした メッセージマカロン 20個セット ご挨拶 プチギフト ,NULL,あす着配送の注意事項について:確認しました(商品ページの記載バナーを確認しました）,NULL,,,,,,,,,,,,,,,,,,
U,345432125,pm-set60,送料無料  結婚内祝 お菓子 メッセージマカロン 5個セットお礼 プチギフト　,NULL,あす着配送の注意事項について:確認しました(商品ページの記載バナーを確認しました）,NULL,,,,,,,,,,,,,,,,,,
U,345432115,pm-set61,送料無料 結婚内祝メッセージマカロン 10個セットお祝いありがとう お礼・プチギフト　,NULL,あす着配送の注意事項について:確認しました(商品ページの記載バナーを確認しました）,NULL,,,,,,,,,,,,,,,,,,
U,345432114,pm-set62,送料無料 結婚内祝メッセージマカロン 20個セットお祝いありがとう 20個セットお礼・プチギフト　,NULL,あす着配送の注意事項について:確認しました(商品ページの記載バナーを確認しました）,NULL,,,,,,,,,,,,,,,,,,
U,345432117,pm-set66,送料無料 出産内祝 お菓子 メッセージマカロン 5個セットお礼 プチギフト　,NULL,あす着配送の注意事項について:確認しました(商品ページの記載バナーを確認しました）,NULL,,,,,,,,,,,,,,,,,,
U,345432126,pm-set67,送料無料 出産内祝メッセージマカロン 10個セットお礼・プチギフト　,NULL,あす着配送の注意事項について:確認しました(商品ページの記載バナーを確認しました）,NULL,,,,,,,,,,,,,,,,,,
U,345432119,pm-set68,送料無料  出産内祝メッセージマカロン 20個セットお祝いありがとう お礼・プチギフト　,NULL,あす着配送の注意事項について:確認しました(商品ページの記載バナーを確認しました）,NULL,,,,,,,,,,,,,,,,,,
U,345432127,pm-set7,送料無料  結婚式 プチギフト プリント マカロン 5個セット お礼 プチギフト　,NULL,あす着配送の注意事項について:確認しました(商品ページの記載バナーを確認しました）,NULL,,,,,,,,,,,,,,,,,,
U,345432128,pm-set70,送料無料  開店祝い お菓子 メッセージマカロン 5個セット(箱入り)お祝い プチギフト　,NULL,あす着配送の注意事項について:確認しました(商品ページの記載バナーを確認しました）,NULL,,,,,,,,,,,,,,,,,,
U,345432116,pm-set71,送料無料  開店祝い お菓子 メッセージマカロン 10個セット(箱入り)お祝い プチギフト　,NULL,あす着配送の注意事項について:確認しました(商品ページの記載バナーを確認しました）,NULL,,,,,,,,,,,,,,,,,,
U,345432129,pm-set8,送料無料 おいしいスイーツ・結婚の祝いに！プリント マカロン 10個セット　お礼・プチギフト　,NULL,あす着配送の注意事項について:確認しました(商品ページの記載バナーを確認しました）,NULL,,,,,,,,,,,,,,,,,,
U,345432122,pm-set81,送料無料  出産祝い お菓子 ひよこメッセージマカロン 5個セット お祝い プチギフト　,NULL,あす着配送の注意事項について:確認しました(商品ページの記載バナーを確認しました）,NULL,,,,,,,,,,,,,,,,,,
U,345432130,pm-set82,送料無料  出産祝い・ひよこメッセージマカロン 10個セット　お祝い・プチギフト　,NULL,あす着配送の注意事項について:確認しました(商品ページの記載バナーを確認しました）,NULL,,,,,,,,,,,,,,,,,,
U,345432123,pm-set83,送料無料  出産祝い お菓子 ひよこメッセージマカロン 20個セットお祝いありがとう お礼 プチギフト　,NULL,あす着配送の注意事項について:確認しました(商品ページの記載バナーを確認しました）,NULL,,,,,,,,,,,,,,,,,,
U,345432121,pm-set93,送料無料  誕生日 お菓子 HappyBirthDay(お花) メッセージマカロン 5個セット(箱入り)お祝い プチギフト　,NULL,あす着配送の注意事項について:確認しました(商品ページの記載バナーを確認しました）,NULL,,,,,,,,,,,,,,,,,,
U,345432131,pm-set94,送料無料  誕生日 お菓子 メッセージマカロン 10個セット(箱入り)お祝い プチギフト　,NULL,あす着配送の注意事項について:確認しました(商品ページの記載バナーを確認しました）,NULL,,,,,,,,,,,,,,,,,,
U,345432132,pm-set95,送料無料 HappyBirthDay(お花)・大好きな人の誕生日にメッセージマカロン 20個セット(箱入り)お祝い・　,NULL,あす着配送の注意事項について:確認しました(商品ページの記載バナーを確認しました）,NULL,,,,,,,,,,,,,,,,,,
U,345432135,pm-set96,送料無料 ありがとう お菓子 メッセージマカロン 5個セットお礼 プチギフト　,NULL,あす着配送の注意事項について:確認しました(商品ページの記載バナーを確認しました）,NULL,,,,,,,,,,,,,,,,,,
U,345432133,pm-set97,送料無料 ありがとう お菓子 メッセージマカロン 10個セットお礼 プチギフト　,NULL,あす着配送の注意事項について:確認しました(商品ページの記載バナーを確認しました）,NULL,,,,,,,,,,,,,,,,,,
U,345432134,pm-set98,送料無料 ありがとう お菓子 メッセージマカロン 20個セットご挨拶 プチギフト お世話になりました　,NULL,あす着配送の注意事項について:確認しました(商品ページの記載バナーを確認しました）,NULL,,,,,,,,,,,,,,,,,,
U,345432166,rc-locabo-2,送料無料  低糖質 スイーツ レアチーズケーキ 4号2箱セット8％OFF　オフ　まとめ買い　大人買い　複数買い　糖質制限 ダイエット 妊婦さんへ　おもたせ　お取り寄せスイーツ,NULL,あす着配送の注意事項について:確認しました(商品ページの記載バナーを確認しました）,NULL,,,,,,,,,,,,,,,,,,
U,345432169,rc-locabo-3,送料無料  【4号3箱セット】24％OFF低糖質レアチーズケーキオフ　お取り寄せスイーツ ギフト誕生日まとめ買い,NULL,あす着配送の注意事項について:確認しました(商品ページの記載バナーを確認しました）,NULL,,,,,,,,,,,,,,,,,,
U,345432167,rc-locabo-4,送料無料 低糖質 スイーツ レアチーズケーキ 4箱セット　25％OFF　オフ 糖質制限 お取り寄せスイーツ ギフト　妊婦さんにおすすめ,NULL,あす着配送の注意事項について:確認しました(商品ページの記載バナーを確認しました）,NULL,,,,,,,,,,,,,,,,,,
U,345432145,rc-locabo5,送料無料  低糖質 スイーツ おいしいレアチーズケーキ 5号 (15cm 4-5名用) 母の日,NULL,あす着配送の注意事項について:確認しました(商品ページの記載バナーを確認しました）,NULL,,,,,,,,,,,,,,,,,,
U,345432146,rc-locabo5-2,送料無料 5号 2箱セット　まとめ買い17％OFF(15cm 4-5名用)低糖質 スイーツ レアチーズケーキお取り寄せスイーツ　 母の日,NULL,あす着配送の注意事項について:確認しました(商品ページの記載バナーを確認しました）,NULL,,,,,,,,,,,,,,,,,,
U,345432171,rc-locabo5-3,送料無料  低糖質 スイーツ おいしいレアチーズケーキ 5号 3箱(15cm 4-5名用) まとめ買い22％OFF割引　母の日,NULL,あす着配送の注意事項について:確認しました(商品ページの記載バナーを確認しました）,NULL,,,,,,,,,,,,,,,,,,
U,345432147,roll-set,送料無料 人気のお取り寄せ 天空のロールケーキ金時・緑餡２本　ギフト　母の日,NULL,あす着配送の注意事項について:確認しました(商品ページの記載バナーを確認しました）,NULL,,,,,,,,,,,,,,,,,,
U,345432148,roll-set-half,送料無料 人気のお取り寄せスイーツ 天空のロールケーキ金時・緑餡２本セット　母の日,NULL,あす着配送の注意事項について:確認しました(商品ページの記載バナーを確認しました）,NULL,,,,,,,,,,,,,,,,,,
U,345432149,setoron,送料無料 天空のロールケーキ 瀬戸 瀬戸内レモン×ロールケーキ スイーツ ギフト 贈り物 母の日,NULL,あす着配送の注意事項について:確認しました(商品ページの記載バナーを確認しました）,NULL,,,,,,,,,,,,,,,,,,
U,345432150,setoron2,送料無料 人気のお取り寄せ 天空のロールケーキ 2本セット 瀬戸内レモン スイーツ ギフト 贈り物　母の日,NULL,あす着配送の注意事項について:確認しました(商品ページの記載バナーを確認しました）,NULL,,,,,,,,,,,,,,,,,,
U,345432151,setoron3,送料無料 人気のお取り寄せ 天空のロールケーキ 3本セット 瀬戸内レモン スイーツ ギフト 贈り物　母の日,NULL,あす着配送の注意事項について:確認しました(商品ページの記載バナーを確認しました）,NULL,,,,,,,,,,,,,,,,,,
U,345432172,souffle-chiboust,送料無料  人気のお取り寄せスイーツ 天空のチーズケーキ ギフト スフレ　母の日　ホワイトデー,NULL,あす着配送の注意事項について:確認しました(商品ページの記載バナーを確認しました）,NULL,,,,,,,,,,,,,,,,,,
U,345432152,souffle-chiboust2,送料無料　人気の天空のチーズケーキ 2箱セット 　母の日,NULL,あす着配送の注意事項について:確認しました(商品ページの記載バナーを確認しました）,NULL,,,,,,,,,,,,,,,,,,
U,345432173,souffle-chiboust3,送料無料   人気の　天空のチーズケーキ 3個セット 母の日,NULL,あす着配送の注意事項について:確認しました(商品ページの記載バナーを確認しました）,NULL,,,,,,,,,,,,,,,,,,
U,345432154,souffle-chiboust4,送料無料　人気の天空のチーズケーキ 4個セット  母の日,NULL,あす着配送の注意事項について:確認しました(商品ページの記載バナーを確認しました）,NULL,,,,,,,,,,,,,,,,,,
U,345432153,souffle-rikyu,送料無料   人気のお取り寄せ　(抹茶) 天空のチーズケーキ 利休　 スフレ　母の日,NULL,あす着配送の注意事項について:確認しました(商品ページの記載バナーを確認しました）,NULL,,,,,,,,,,,,,,,,,,
U,345432156,souffle-rikyu-2,送料無料  人気のお取り寄せ （抹茶）天空のチーズケーキ 利休 ２箱セット　まとめ買い15%OFF　母の日,NULL,あす着配送の注意事項について:確認しました(商品ページの記載バナーを確認しました）,NULL,,,,,,,,,,,,,,,,,,
U,345432155,souffle-rikyu-3,送料無料 　人気のお取り寄せ （抹茶） スフレ天空のチーズケーキ　利休 3箱セット22％　OFF　母の日,NULL,あす着配送の注意事項について:確認しました(商品ページの記載バナーを確認しました）,NULL,,,,,,,,,,,,,,,,,,
U,345432158,souffle-rikyu-4,送料無料 　お取り寄せスイーツ 天空のチーズケーキ 利休(抹茶) 4 箱セット　26%OFF　割引スフレ　母の日,NULL,あす着配送の注意事項について:確認しました(商品ページの記載バナーを確認しました）,NULL,,,,,,,,,,,,,,,,,,
U,345432160,tenku-baked4,送料無料  4号 濃厚 チーズケーキ 天空のベイクドチーズケーキひんやりレモンスフレフロマージュ　母の日,NULL,あす着配送の注意事項について:確認しました(商品ページの記載バナーを確認しました）,NULL,,,,,,,,,,,,,,,,,,
U,345432364,tenku-baked4-2,送料無料 4号 2箱セット　12%OFF　お取り寄せスイーツ 天空のベイクドチーズケーキ　大人買い　母の日,NULL,あす着配送の注意事項について:確認しました(商品ページの記載バナーを確認しました）,NULL,,,,,,,,,,,,,,,,,,
U,345432363,tenku-baked4-3,送料無料 　4号　3箱まとめ買い18％OFF 天空のベイクドチーズケーキ 濃厚レモンスフレフロマージュ 母の日,NULL,あす着配送の注意事項について:確認しました(商品ページの記載バナーを確認しました）,NULL,,,,,,,,,,,,,,,,,,
U,345432369,tenku-baked5,送料無料  天空のベイクドチーズケーキ 5号　人気のお取り寄せスイーツひんやり濃厚レモンスフレフロマージュ　母の日,NULL,あす着配送の注意事項について:確認しました(商品ページの記載バナーを確認しました）,NULL,,,,,,,,,,,,,,,,,,
U,345432375,tenku-baked5-2,送料無料   5号２箱 まとめ買い10%OFF人気のお取り寄せスイーツ 天空のベイクドチーズケーキ　母の日,NULL,あす着配送の注意事項について:確認しました(商品ページの記載バナーを確認しました）,NULL,,,,,,,,,,,,,,,,,,
U,345432161,tenku-baked5-3,送料無料   5号　3箱セット　16％OFF　まとめ買い人気のお取り寄せスイーツ 天空のベイクドチーズケーキ 　母の日,NULL,あす着配送の注意事項について:確認しました(商品ページの記載バナーを確認しました）,NULL,,,,,,,,,,,,,,,,,,
U,345432381,tenku-fondant3,【日経新聞 ７位受賞】送料無料  濃厚　とろけるフォンダンショコラ3号 フランス産チョコレート70％使用！ ギフト お菓子 　母の日,NULL,あす着配送の注意事項について:確認しました(商品ページの記載バナーを確認しました）,NULL,,,,,,,,,,,,,,,,,,
U,345432162,tenku-pudding,送料無料 プレゼントに人気！！天空のプリン雅 5個入り 濃厚な最高級プリン　母の日,NULL,あす着配送の注意事項について:確認しました(商品ページの記載バナーを確認しました）,NULL,,,,,,,,,,,,,,,,,,
U,345432388,tenku-pudding-assorted,送料無料　 人気のお取り寄せ 天空のプリン アソート ランキング上位プリン　母の日,NULL,あす着配送の注意事項について:確認しました(商品ページの記載バナーを確認しました）,NULL,,,,,,,,,,,,,,,,,,
U,345432402,tenku-pudding-assorted2,送料無料 人気のお取り寄せ 天空のプリン アソート ２箱セット　マンゴー　抹茶　ラズベリー　キャラメル　母の日,NULL,あす着配送の注意事項について:確認しました(商品ページの記載バナーを確認しました）,NULL,,,,,,,,,,,,,,,,,,
U,345432393,tenku-pudding-assorted3,送料無料 人気のお取り寄せ 天空のプリン アソート お得な3箱セット マンゴー　抹茶　ラズベリー　キャラメル　母の日,NULL,あす着配送の注意事項について:確認しました(商品ページの記載バナーを確認しました）,NULL,,,,,,,,,,,,,,,,,,
U,345432163,tenku-pudding-hojun,送料無料  人気のお取り寄せ 天空のプリン芳醇 高級宇治抹茶使用　5個入り 　母の日,NULL,あす着配送の注意事項について:確認しました(商品ページの記載バナーを確認しました）,NULL,,,,,,,,,,,,,,,,,,
U,345432397,tenku-pudding-hojun2,送料無料  人気のお取り寄せ 天空のプリン芳醇 高級宇治抹茶使用 5個入り 2箱セット 母の日,NULL,あす着配送の注意事項について:確認しました(商品ページの記載バナーを確認しました）,NULL,,,,,,,,,,,,,,,,,,
U,345432781,tenku-pudding-hojun3,送料無料 天空のプリン芳醇 5個入り お得な3箱セット 高級宇治抹茶人気のお取り寄せ　母の日,NULL,あす着配送の注意事項について:確認しました(商品ページの記載バナーを確認しました）,NULL,,,,,,,,,,,,,,,,,,
U,345432783,tenku-pudding-kirameki,送料無料 スイーツ天空のプリン煌 5個入り  ギフト 誕生日 プレゼント　母の日,NULL,あす着配送の注意事項について:確認しました(商品ページの記載バナーを確認しました）,NULL,,,,,,,,,,,,,,,,,,
U,345432805,tenku-pudding-kirameki02,送料無料 天空のプリン煌 5個入り お得な2箱セット　人気のお取りスイーツ 　母の日,NULL,あす着配送の注意事項について:確認しました(商品ページの記載バナーを確認しました）,NULL,,,,,,,,,,,,,,,,,,
U,345432782,tenku-pudding-kirameki03,送料無料 人気のお取り寄せ 天空のプリン煌 5個入り 3箱セット スイーツ ギフト 誕生日 母の日,NULL,あす着配送の注意事項について:確認しました(商品ページの記載バナーを確認しました）,NULL,,,,,,,,,,,,,,,,,,
U,345432784,tenku-pudding-mange,送料無料 人気のお取り寄せスイーツ 天空のプリン　マンゴー 5個入り ギフト  誕生日　母の日,NULL,あす着配送の注意事項について:確認しました(商品ページの記載バナーを確認しました）,NULL,,,,,,,,,,,,,,,,,,
U,345432806,tenku-pudding-mange2,送料無料  人気のお取り寄せ スイーツ 天空のプリン　マンゴー 5個入り 2箱セット ギフト 母の日 ,NULL,あす着配送の注意事項について:確認しました(商品ページの記載バナーを確認しました）,NULL,,,,,,,,,,,,,,,,,,
U,345432804,tenku-pudding-mange3,送料無料 人気のお取り寄せ 天空のプリン　マンゴー 5個入り 3箱セットスイーツ ギフト 母の日,NULL,あす着配送の注意事項について:確認しました(商品ページの記載バナーを確認しました）,NULL,,,,,,,,,,,,,,,,,,
U,345432785,tenku-pudding-syouka,送料無料  人気のお取り寄せスイーツ 天空のプリン　ラズベリー  5個入り   ギフト 母の日,NULL,あす着配送の注意事項について:確認しました(商品ページの記載バナーを確認しました）,NULL,,,,,,,,,,,,,,,,,,
U,345432808,tenku-pudding-syouka2,送料無料 人気のお取り寄せ 天空のプリン ラズベリー  5個入り 2箱セット  スイーツ ギフト 母の日 ,NULL,あす着配送の注意事項について:確認しました(商品ページの記載バナーを確認しました）,NULL,,,,,,,,,,,,,,,,,,
U,345432807,tenku-pudding-syouka3,送料無料 人気のお取り寄せ 天空のプリン　ラズベリー 5個入り 3箱セット  スイーツ ギフト 母の日,NULL,あす着配送の注意事項について:確認しました(商品ページの記載バナーを確認しました）,NULL,,,,,,,,,,,,,,,,,,
U,345432786,tenku-pudding2,送料無料 天空のプリン雅 キャラメル　5個入り お得な2箱セット 濃厚な最高級プリンのお取り寄せ 　母の日,NULL,あす着配送の注意事項について:確認しました(商品ページの記載バナーを確認しました）,NULL,,,,,,,,,,,,,,,,,,
U,345432810,tenku-pudding3,送料無料  天空のプリン雅 キャラメル　5個入り 3箱セット　　濃厚な高級プリン 母の日,NULL,あす着配送の注意事項について:確認しました(商品ページの記載バナーを確認しました）,NULL,,,,,,,,,,,,,,,,,,
U,345432787,tenku-strawberry-roll,送料無料  プレゼントに人気 大粒完熟いちごのふわふわロールケーキフルーツたっぷりの人気のお取り寄せスイーツ　母の日,,,,,,,,,,,,,,,,,,,,,
U,345432788,tenkurole-daigo1,送料無料 人気のお取り寄せ 天空のロールケーキ 醍醐 米粉100%小麦粉不使用 三温糖 北海道産生クリーム ,NULL,あす着配送の注意事項について:確認しました(商品ページの記載バナーを確認しました）,NULL,,,,,,,,,,,,,,,,,,
U,345432812,tenkurole-daigo2,送料無料 お取り寄せスイーツ　人気 天空のロールケーキ 醍醐 2箱セット　15％OFF　米粉100% 小麦粉不使用,NULL,あす着配送の注意事項について:確認しました(商品ページの記載バナーを確認しました）,NULL,,,,,,,,,,,,,,,,,,
U,345432811,tenkurole-daigo3,送料無料 お取り寄せスイーツ　天空のロールケーキ 醍醐 3箱セット　20%OFF　米粉100% 乳酸菌　ギフト　,NULL,あす着配送の注意事項について:確認しました(商品ページの記載バナーを確認しました）,NULL,,,,,,,,,,,,,,,,,,
U,369813602,prc-h,内祝いに名入れプリントマカロンロールケーキハーフサイズ 8cm ギフト 出産内祝い 結婚内祝い 送料無料 ,,デザイン:1-1 出産祝い - 男の子 -:1-2 出産祝い - 女の子 -:2-1 誕生日,完全受注生産のため到着まで15日程度かかります:了承しました。,,,,,,,,,,,,,,,,,,
U,372826616,pm-set41,送料無料 退職の挨拶に人気のお菓子 カラフル メッセージマカロン 5個セット プチギフト お世話になりました インスタ映え,NULL,あす着配送の注意事項について:確認しました(商品ページの記載バナーを確認しました）,NULL,,,,,,,,,,,,,,,,,,
U,372826802,pm-set42,送料無料 退職の挨拶に人気のお菓子 カラフル メッセージマカロン 10個セット プチギフト お世話になりました インスタ映え,NULL,あす着配送の注意事項について:確認しました(商品ページの記載バナーを確認しました）,NULL,,,,,,,,,,,,,,,,,,
U,372826821,pm-set50,送料無料 退職の挨拶に人気のお菓子 カラフル メッセージマカロン 20個セット プチギフト お世話になりました インスタ映え,NULL,あす着配送の注意事項について:確認しました(商品ページの記載バナーを確認しました）,NULL,,,,,,,,,,,,,,,,,,
U,372826866,pm-set51,送料無料 退職の挨拶に人気のお菓子 メッセージマカロン 20個セット プチギフト お世話になりました インスタ映え,NULL,あす着配送の注意事項について:確認しました(商品ページの記載バナーを確認しました）,NULL,,,,,,,,,,,,,,,,,,
U,372826898,pm-set52,送料無料 ありがとう お菓子 メッセージマカロン 20個セットお礼 プチギフト,NULL,あす着配送の注意事項について:確認しました(商品ページの記載バナーを確認しました）,NULL,,,,,,,,,,,,,,,,,,
U,372826873,pm-set53,送料無料 誕生日 スイーツギフト HappyBirthDay!!メッセージマカロン 20個セット お祝い プチギフト インスタ映え,NULL,あす着配送の注意事項について:確認しました(商品ページの記載バナーを確認しました）,NULL,,,,,,,,,,,,,,,,,,
U,400006017,cc-994,産休 メッセージクッキー 出産のためお休みいただきます ママ＆ベイビー ピンク 個別包装,,,,,,,,,,,,,,,,,,,,,
U,400006671,cc-995,産休 メッセージクッキー 出産のためお休みいただきます ママおじぎ グリーン 個別包装,,,,,,,,,,,,,,,,,,,,,
U,400011463,cc-998,産休 メッセージクッキー 産休中よろしくお願いいたします ママ パパ ベイビー ピンクストライプ 個別包装,,,,,,,,,,,,,,,,,,,,,
U,400011801,cc-999,産休 メッセージクッキー 産休中よろしくお願いいたします アヒルの親子 パステル 個別包装,,,,,,,,,,,,,,,,,,,,,
U,400014299,cc-1000,産休 メッセージクッキー 産休ありがとうございます ご迷惑をおかけしますがよろしくお願いいたします 哺乳瓶 ガラガラ 個別包装,,,,,,,,,,,,,,,,,,,,,
U,400015100,cc-1001,産休 メッセージクッキー 産休ありがとうございます ご迷惑をおかけしますがよろしくお願いいたします ベイビー イラスト 個別包装,,,,,,,,,,,,,,,,,,,,,
U,400015146,cc-1002,産休 メッセージクッキー 産休中よろしくお願いいたします ハムスター親子 イラスト 個別包装,,,,,,,,,,,,,,,,,,,,,
U,400018323,cc-1003,産休 メッセージクッキー 産休中よろしくお願いいたします もぐもぐハムスター イラスト 個別包装,,,,,,,,,,,,,,,,,,,,,
U,400019774,cc-1011,産休 メッセージクッキー 産休いただきます コウノトリのゆりかご赤ちゃん イラスト 個別包装,,,,,,,,,,,,,,,,,,,,,
U,400019775,cc-1012,産休 メッセージクッキー 産休いただきます ネコの赤ちゃん 毛玉コロコロ イラスト 個別包装,,,,,,,,,,,,,,,,,,,,,
U,400020115,cc-1013,産休 メッセージクッキー 産休いただきます すやすやお昼寝ベイビー 雲の上 イラスト 個別包装,,,,,,,,,,,,,,,,,,,,,
U,400020418,cc-1014,産休 メッセージクッキー 産休いただきます おねんねベイビー ピンク イラスト 個別包装,,,,,,,,,,,,,,,,,,,,,
U,400020638,cc-1015,産休 メッセージクッキー 産休に入らせていただきます コアラの親子 イラスト 個別包装,,,,,,,,,,,,,,,,,,,,,
U,400021310,cc-1016,産休 メッセージクッキー 産休中よろしくお願いいたします おじぎするハリネズミ イラスト 個別包装,,,,,,,,,,,,,,,,,,,,,
U,400074210,cc-1017,産休 メッセージクッキー 産休中よろしくお願いいたします おじぎするリス イラスト 個別包装,,,,,,,,,,,,,,,,,,,,,
U,400074213,cc-1018,産休 メッセージクッキー 産休中よろしくお願いいたします おじぎするうさぎ イラスト 個別包装,,,,,,,,,,,,,,,,,,,,,
U,400074365,cc-1019,産休 メッセージクッキー 産休いただきます ラブベイビーママ イラスト 個別包装,,,,,,,,,,,,,,,,,,,,,
U,400074350,cc-1020,産休 メッセージクッキー 産休いただきます ご迷惑おかけいたしますがよろしくお願いします にっこりベイビーママ イラスト 個別包装,,,,,,,,,,,,,,,,,,,,,
U,400074567,cc-1021,産休 メッセージクッキー 産休いただきます ご迷惑おかけいたしますがよろしくお願いします ベイビーママ ピンク イラスト 個別包装,,,,,,,,,,,,,,,,,,,,,
U,400074748,cc-1054,産休 メッセージクッキー 産休いただきます ネコの親子 イラスト 個別包装,,,,,,,,,,,,,,,,,,,,,
U,400074904,cc-1055,産休 メッセージクッキー 産休中よろしくお願いいたします カルガモの親子 イラスト 個別包装,,,,,,,,,,,,,,,,,,,,,
U,400074905,cc-1056,産休 メッセージクッキー 復帰までよろしくお願いいたします マタニティにゃんこ イラスト 個別包装,,,,,,,,,,,,,,,,,,,,,
U,400075048,cc-1057,産休 メッセージクッキー 復帰までよろしくお願いいたします てへぺろ黒猫 イラスト 個別包装,,,,,,,,,,,,,,,,,,,,,
U,400075276,cc-1058,産休 メッセージクッキー 復帰までよろしくお願いいたします ネコ グリーン イラスト 個別包装,,,,,,,,,,,,,,,,,,,,,
U,400075397,cc-1059,産休 メッセージクッキー 復帰までよろしくお願いいたします ネコ ピンク イラスト 個別包装,,,,,,,,,,,,,,,,,,,,,
U,400075677,cc-1060,産休 メッセージクッキー 産休いただきます ミルクごくごくネコ イラスト 個別包装,,,,,,,,,,,,,,,,,,,,,
U,400075844,cc-1061,産休 メッセージクッキー 産休中よろしくお願いいたします スヤスヤかるがも親子 イラスト 個別包装,,,,,,,,,,,,,,,,,,,,,
U,401648535,pm-set181,送料無料 産休 お菓子 あいさつ パパママ赤ちゃんのカワイイイラストのメッセージマカロン 5個セット 手作り スイーツ ギフト,NULL,あす着配送の注意事項について:確認しました(商品ページの記載バナーを確認しました）,NULL,,,,,,,,,,,,,,,,,,
U,401648490,pm-set182,送料無料 産休 お菓子 あいさつ パパママ赤ちゃんのカワイイイラストのメッセージマカロン 10個セット 手作り スイーツ ギフト,NULL,あす着配送の注意事項について:確認しました(商品ページの記載バナーを確認しました）,NULL,,,,,,,,,,,,,,,,,,
U,401648492,pm-set183,送料無料  産休 お菓子 あいさつ パパママ赤ちゃんのカワイイイラストのメッセージマカロン 20個セット 手作り スイーツ ギフト,NULL,あす着配送の注意事項について:確認しました(商品ページの記載バナーを確認しました）,NULL,,,,,,,,,,,,,,,,,,
U,401649809,pm-set184,送料無料 産休 お菓子 あいさつ 人気の5つのフレーバーで美味しい ネコのイラスト メッセージマカロン 5個セット 手作り スイーツ ギフト,NULL,あす着配送の注意事項について:確認しました(商品ページの記載バナーを確認しました）,NULL,,,,,,,,,,,,,,,,,,
U,401649810,pm-set185,送料無料 産休 お菓子 あいさつ 人気の5つのフレーバーで美味しい ネコのイラスト メッセージマカロン 10個セット 手作り スイーツ ギフト,NULL,あす着配送の注意事項について:確認しました(商品ページの記載バナーを確認しました）,NULL,,,,,,,,,,,,,,,,,,
U,401650742,pm-set186,送料無料 産休 お菓子 あいさつ 人気の5つのフレーバーで美味しい ネコのイラスト メッセージマカロン 20個セット 手作り スイーツ ギフト,NULL,あす着配送の注意事項について:確認しました(商品ページの記載バナーを確認しました）,NULL,,,,,,,,,,,,,,,,,,
U,401650756,pm-set187,送料無料 産休 お菓子 あいさつ かわいいアニマルイラスト メッセージマカロン 5個セット 手作り スイーツ ギフト,NULL,あす着配送の注意事項について:確認しました(商品ページの記載バナーを確認しました）,NULL,,,,,,,,,,,,,,,,,,
U,401650757,pm-set188,送料無料 産休 お菓子 あいさつ かわいいアニマルイラスト メッセージマカロン 10個セット 手作り スイーツ ギフト,NULL,あす着配送の注意事項について:確認しました(商品ページの記載バナーを確認しました）,NULL,,,,,,,,,,,,,,,,,,
U,401650743,pm-set189,送料無料 産休 お菓子 あいさつ かわいいアニマルイラスト メッセージマカロン 20個セット 手作り スイーツ ギフト,NULL,あす着配送の注意事項について:確認しました(商品ページの記載バナーを確認しました）,NULL,,,,,,,,,,,,,,,,,,
U,401651997,pm-set190,送料無料 産休 お菓子 あいさつ 人気の5つのフレーバーで美味しい 家族でご挨拶 メッセージマカロン 5個セット 手作り スイーツ ギフト,NULL,あす着配送の注意事項について:確認しました(商品ページの記載バナーを確認しました）,NULL,,,,,,,,,,,,,,,,,,
U,401651998,pm-set191,送料無料 産休 お菓子 あいさつ 人気の5つのフレーバーで美味しい 家族でご挨拶 メッセージマカロン 10個セット 手作り スイーツ ギフト,NULL,あす着配送の注意事項について:確認しました(商品ページの記載バナーを確認しました）,NULL,,,,,,,,,,,,,,,,,,
U,401652000,pm-set192,送料無料 産休 お菓子 あいさつ 人気の5つのフレーバーで美味しい 家族でご挨拶 メッセージマカロン 20個セット 手作り スイーツ ギフト,NULL,あす着配送の注意事項について:確認しました(商品ページの記載バナーを確認しました）,NULL,,,,,,,,,,,,,,,,,,
U,401651381,pm-set193,送料無料 産休 お菓子 あいさつ 気持ちを伝える 人気の5つのフレーバーで美味しい メッセージマカロン 5個セット 手作り スイーツ ギフト,NULL,あす着配送の注意事項について:確認しました(商品ページの記載バナーを確認しました）,NULL,,,,,,,,,,,,,,,,,,
U,401652032,pm-set194,送料無料 産休 お菓子 あいさつ 気持ちを伝える 人気の5つのフレーバーで美味しい メッセージマカロン 10個セット 手作り スイーツ ギフト,NULL,あす着配送の注意事項について:確認しました(商品ページの記載バナーを確認しました）,NULL,,,,,,,,,,,,,,,,,,
U,401652033,pm-set195,送料無料 産休 お菓子 あいさつ 気持ちを伝える 人気の5つのフレーバーで美味しい メッセージマカロン 20個セット 手作り スイーツ ギフト,NULL,あす着配送の注意事項について:確認しました(商品ページの記載バナーを確認しました）,NULL,,,,,,,,,,,,,,,,,,
U,401653837,pm-set196,送料無料 産休 お菓子 あいさつ 職場へのご挨拶に 人気の5つのフレーバーで美味しい メッセージマカロン 5個セット 手作り スイーツ ギフト,NULL,あす着配送の注意事項について:確認しました(商品ページの記載バナーを確認しました）,NULL,,,,,,,,,,,,,,,,,,
U,401653838,pm-set197,送料無料 産休 お菓子 あいさつ 職場へのご挨拶に 人気の5つのフレーバーで美味しい メッセージマカロン 10個セット 手作り スイーツ ギフト,NULL,あす着配送の注意事項について:確認しました(商品ページの記載バナーを確認しました）,NULL,,,,,,,,,,,,,,,,,,
U,401653839,pm-set198,送料無料 産休 お菓子 あいさつ 職場へのご挨拶に 人気の5つのフレーバーで美味しい メッセージマカロン 20個セット 手作り スイーツ ギフト,NULL,あす着配送の注意事項について:確認しました(商品ページの記載バナーを確認しました）,NULL,,,,,,,,,,,,,,,,,,
U,431023275,cc-set359,産休 お菓子 あいさつ Babyメッセージクッキー 新デザイン登場 個包装で配りやすい 30枚セット,NULL,あす着配送の注意事項について:確認しました(商品ページの記載バナーを確認しました）,NULL,,,,,,,,,,,,,,,,,,
U,431023276,cc-set358,産休 お菓子 あいさつ Babyメッセージクッキー 新デザイン登場 個包装で配りやすい 15枚セット,NULL,あす着配送の注意事項について:確認しました(商品ページの記載バナーを確認しました）,NULL,,,,,,,,,,,,,,,,,,
U,431023477,cc-set360,産休 お菓子 あいさつ Babyメッセージクッキー 新デザイン登場 個包装で配りやすい お得な45枚セット,NULL,あす着配送の注意事項について:確認しました(商品ページの記載バナーを確認しました）,NULL,,,,,,,,,,,,,,,,,,
U,431024210,cc-set361,産休 お菓子 あいさつ 出産準備のためお休みをいただきますメッセージクッキー 新デザイン登場 個包装で配りやすい 15枚セット,NULL,あす着配送の注意事項について:確認しました(商品ページの記載バナーを確認しました）,NULL,,,,,,,,,,,,,,,,,,
U,431024352,cc-set362,産休 お菓子 あいさつ 出産準備のためお休みをいただきますメッセージクッキー 新デザイン登場 個包装で配りやすい 30枚セット,NULL,あす着配送の注意事項について:確認しました(商品ページの記載バナーを確認しました）,NULL,,,,,,,,,,,,,,,,,,
U,431025742,cc-set363,産休 お菓子 あいさつ 出産準備のためお休みをいただきますメッセージクッキー 新デザイン登場 個包装で配りやすい お得な45枚セット,NULL,あす着配送の注意事項について:確認しました(商品ページの記載バナーを確認しました）,NULL,,,,,,,,,,,,,,,,,,
U,431025769,cc-set364,産休 お菓子 あいさつ 動物メッセージクッキー 新デザイン登場 個包装で配りやすい 15枚セット,NULL,あす着配送の注意事項について:確認しました(商品ページの記載バナーを確認しました）,NULL,,,,,,,,,,,,,,,,,,
U,431025817,cc-set365,産休 お菓子 あいさつ 動物メッセージクッキー 新デザイン登場 個包装で配りやすい 30枚セット,NULL,あす着配送の注意事項について:確認しました(商品ページの記載バナーを確認しました）,NULL,,,,,,,,,,,,,,,,,,
U,431025825,cc-set366,産休 お菓子 あいさつ 動物メッセージクッキー 新デザイン登場 個包装で配りやすい お得な45枚セット,NULL,あす着配送の注意事項について:確認しました(商品ページの記載バナーを確認しました）,NULL,,,,,,,,,,,,,,,,,,
U,431025856,cc-set367,産休 ご挨拶 お菓子 産休を頂きますメッセージクッキー 個包装で配りやすい 15枚セット 人気のデザインから新規セットA登場,NULL,あす着配送の注意事項について:確認しました(商品ページの記載バナーを確認しました）,NULL,,,,,,,,,,,,,,,,,,
U,431025880,cc-set368,産休 ご挨拶 お菓子 産休を頂きますメッセージクッキー 個包装で配りやすい 30枚セット 人気のデザインから新規セットA登場,NULL,あす着配送の注意事項について:確認しました(商品ページの記載バナーを確認しました）,NULL,,,,,,,,,,,,,,,,,,
U,431026240,cc-set369,産休 ご挨拶 お菓子 産休を頂きますメッセージクッキー 個包装で配りやすい お得な45枚セット 人気のデザインから新規セットA登場,NULL,あす着配送の注意事項について:確認しました(商品ページの記載バナーを確認しました）,NULL,,,,,,,,,,,,,,,,,,
U,431027047,cc-set370,産休 ご挨拶 お菓子 産休を頂きますメッセージクッキー 個包装で配りやすい 15枚セット 人気のデザインから新規セットB登場,NULL,あす着配送の注意事項について:確認しました(商品ページの記載バナーを確認しました）,NULL,,,,,,,,,,,,,,,,,,
U,431029056,cc-set371,産休 ご挨拶 お菓子 産休を頂きますメッセージクッキー 個包装で配りやすい 30枚セット 人気のデザインから新規セットB登場,NULL,あす着配送の注意事項について:確認しました(商品ページの記載バナーを確認しました）,NULL,,,,,,,,,,,,,,,,,,
U,431029234,cc-set372,産休 ご挨拶 お菓子 産休を頂きますメッセージクッキー 個包装で配りやすい お得な45枚セット 人気のデザインから新規セットB登場,NULL,あす着配送の注意事項について:確認しました(商品ページの記載バナーを確認しました）,NULL,,,,,,,,,,,,,,,,,,
U,431029429,cc-set373,産休 ご挨拶 お菓子 動物メッセージクッキー 個包装で配りやすい 15枚セット 人気のデザインから新規セットA登場,NULL,あす着配送の注意事項について:確認しました(商品ページの記載バナーを確認しました）,NULL,,,,,,,,,,,,,,,,,,
U,431029468,cc-set374,産休 ご挨拶 お菓子 動物メッセージクッキー 個包装で配りやすい 30枚セット 人気のデザインから新規セットA登場,NULL,あす着配送の注意事項について:確認しました(商品ページの記載バナーを確認しました）,NULL,,,,,,,,,,,,,,,,,,
U,431037121,cc-set375,産休 ご挨拶 お菓子 動物メッセージクッキー 個包装で配りやすい お得な45枚セット 人気のデザインから新規セットA登場,NULL,あす着配送の注意事項について:確認しました(商品ページの記載バナーを確認しました）,NULL,,,,,,,,,,,,,,,,,,
U,431037289,cc-set376,産休 ご挨拶 お菓子 動物メッセージクッキー 個包装で配りやすい 15枚セット 人気のデザインから新規セットB登場,NULL,あす着配送の注意事項について:確認しました(商品ページの記載バナーを確認しました）,NULL,,,,,,,,,,,,,,,,,,
U,431037348,cc-set377,産休 ご挨拶 お菓子 動物メッセージクッキー 個包装で配りやすい 30枚セット 人気のデザインから新規セットB登場,NULL,あす着配送の注意事項について:確認しました(商品ページの記載バナーを確認しました）,NULL,,,,,,,,,,,,,,,,,,
U,431037340,cc-set378,産休 ご挨拶 お菓子 動物メッセージクッキー 個包装で配りやすい お得な45枚セット 人気のデザインから新規セットB登場,NULL,あす着配送の注意事項について:確認しました(商品ページの記載バナーを確認しました）,NULL,,,,,,,,,,,,,,,,,,
U,431037604,cc-set379,産休 ご挨拶 お菓子 出産準備のためお休みをいただきます 個包装で配りやすい 15枚セット 人気のデザインから新規セットA登場,NULL,あす着配送の注意事項について:確認しました(商品ページの記載バナーを確認しました）,NULL,,,,,,,,,,,,,,,,,,
U,431037647,cc-set380,産休 ご挨拶 お菓子 出産準備のためお休みをいただきます 個包装で配りやすい 30枚セット 人気のデザインから新規セットA登場,NULL,あす着配送の注意事項について:確認しました(商品ページの記載バナーを確認しました）,NULL,,,,,,,,,,,,,,,,,,
U,431037715,cc-set381,産休 ご挨拶 お菓子 出産準備のためお休みをいただきます 個包装で配りやすい お得な45枚セット 人気のデザインから新規セットA登場,NULL,あす着配送の注意事項について:確認しました(商品ページの記載バナーを確認しました）,NULL,,,,,,,,,,,,,,,,,,
U,431037721,cc-set382,産休 ご挨拶 お菓子 出産準備のためお休みをいただきます 個包装で配りやすい 15枚セット 人気のデザインから新規セットB登場,NULL,あす着配送の注意事項について:確認しました(商品ページの記載バナーを確認しました）,NULL,,,,,,,,,,,,,,,,,,
U,431037844,cc-set383,産休 ご挨拶 お菓子 出産準備のためお休みをいただきます 個包装で配りやすい 30枚セット 人気のデザインから新規セットB登場,NULL,あす着配送の注意事項について:確認しました(商品ページの記載バナーを確認しました）,NULL,,,,,,,,,,,,,,,,,,
U,431037866,cc-set384,産休 ご挨拶 お菓子 出産準備のためお休みをいただきます 個包装で配りやすい お得な45枚セット 人気のデザインから新規セットB登場,NULL,あす着配送の注意事項について:確認しました(商品ページの記載バナーを確認しました）,NULL,,,,,,,,,,,,,,,,,,
U,432374921,tenku-fondant4,送料無料  濃厚　とろけるフォンダンショコラ4号 フランス産チョコレート70％使用！ ギフト お菓子 　ホワイトデー,NULL,あす着配送の注意事項について:確認しました(商品ページの記載バナーを確認しました）,NULL,,,,,,,,,,,,,,,,,,
U,432381354,cc-set385,産休 お菓子 職場 あいさつに 花メッセージクッキー15枚セット 箱入り お礼 ギフト ショークッキー,NULL,あす着配送の注意事項について:確認しました(商品ページの記載バナーを確認しました）,NULL,,,,,,,,,,,,,,,,,,
U,432381560,cc-set386,産休 お菓子 職場 あいさつに 花メッセージクッキー30枚セット 箱入り お礼 ギフト ショークッキー,NULL,あす着配送の注意事項について:確認しました(商品ページの記載バナーを確認しました）,NULL,,,,,,,,,,,,,,,,,,
U,432382761,cc-set387,産休 お菓子 職場 あいさつに 花メッセージクッキー45枚セット 箱入り お礼 ギフト ショークッキー,NULL,あす着配送の注意事項について:確認しました(商品ページの記載バナーを確認しました）,NULL,,,,,,,,,,,,,,,,,,
U,432383081,cc-set388,産休 お菓子 職場 あいさつに おもちゃA メッセージクッキー15枚セット 箱入り お礼 ギフト ショークッキー,NULL,あす着配送の注意事項について:確認しました(商品ページの記載バナーを確認しました）,NULL,,,,,,,,,,,,,,,,,,
U,432383265,cc-set389,産休 お菓子 職場 あいさつに おもちゃA メッセージクッキー30枚セット 箱入り お礼 ギフト ショークッキー,NULL,あす着配送の注意事項について:確認しました(商品ページの記載バナーを確認しました）,NULL,,,,,,,,,,,,,,,,,,
U,432383304,cc-set390,産休 お菓子 職場 あいさつに おもちゃA メッセージクッキー45枚セット 箱入り お礼 ギフト ショークッキー,NULL,あす着配送の注意事項について:確認しました(商品ページの記載バナーを確認しました）,NULL,,,,,,,,,,,,,,,,,,
U,432383315,cc-set391,産休 お菓子 職場 あいさつに おもちゃB メッセージクッキー15枚セット 箱入り お礼 ギフト ショークッキー,NULL,あす着配送の注意事項について:確認しました(商品ページの記載バナーを確認しました）,NULL,,,,,,,,,,,,,,,,,,
U,432383320,cc-set392,産休 お菓子 職場 あいさつに おもちゃB メッセージクッキー30枚セット 箱入り お礼 ギフト ショークッキー,NULL,あす着配送の注意事項について:確認しました(商品ページの記載バナーを確認しました）,NULL,,,,,,,,,,,,,,,,,,
U,432383985,cc-set393,産休 お菓子 職場 あいさつに おもちゃB メッセージクッキー45枚セット 箱入り お礼 ギフト ショークッキー,NULL,あす着配送の注意事項について:確認しました(商品ページの記載バナーを確認しました）,NULL,,,,,,,,,,,,,,,,,,
U,432385386,cc-set394,産休 お菓子 職場 あいさつに 動物の親子A メッセージクッキー15枚セット 箱入り お礼 ギフト ショークッキー,NULL,あす着配送の注意事項について:確認しました(商品ページの記載バナーを確認しました）,NULL,,,,,,,,,,,,,,,,,,
U,432385387,cc-set395,産休 お菓子 職場 あいさつに 動物の親子A メッセージクッキー30枚セット 箱入り お礼 ギフト ショークッキー,NULL,あす着配送の注意事項について:確認しました(商品ページの記載バナーを確認しました）,NULL,,,,,,,,,,,,,,,,,,
U,432386282,cc-set396,産休 お菓子 職場 あいさつに 動物の親子A メッセージクッキー45枚セット 箱入り お礼 ギフト ショークッキー,NULL,あす着配送の注意事項について:確認しました(商品ページの記載バナーを確認しました）,NULL,,,,,,,,,,,,,,,,,,
U,432386497,cc-set397,産休 お菓子 職場 あいさつに 赤ちゃん メッセージクッキー15枚セット 箱入り お礼 ギフト ショークッキー,NULL,あす着配送の注意事項について:確認しました(商品ページの記載バナーを確認しました）,NULL,,,,,,,,,,,,,,,,,,
U,432387802,cc-set398,産休 お菓子 職場 あいさつに 赤ちゃん メッセージクッキー30枚セット 箱入り お礼 ギフト ショークッキー,NULL,あす着配送の注意事項について:確認しました(商品ページの記載バナーを確認しました）,NULL,,,,,,,,,,,,,,,,,,
U,432387846,cc-set399,産休 お菓子 職場 あいさつに 赤ちゃん メッセージクッキー45枚セット 箱入り お礼 ギフト ショークッキー,NULL,あす着配送の注意事項について:確認しました(商品ページの記載バナーを確認しました）,NULL,,,,,,,,,,,,,,,,,,
U,432387863,cc-set400,産休 お菓子 職場 あいさつに 動物の親子B メッセージクッキー15枚セット 箱入り お礼 ギフト ショークッキー,NULL,あす着配送の注意事項について:確認しました(商品ページの記載バナーを確認しました）,NULL,,,,,,,,,,,,,,,,,,
U,432387924,cc-set401,産休 お菓子 職場 あいさつに 動物の親子B メッセージクッキー30枚セット 箱入り お礼 ギフト ショークッキー,NULL,あす着配送の注意事項について:確認しました(商品ページの記載バナーを確認しました）,NULL,,,,,,,,,,,,,,,,,,
U,432387929,cc-set402,産休 お菓子 職場 あいさつに 動物の親子B メッセージクッキー45枚セット 箱入り お礼 ギフト ショークッキー,NULL,あす着配送の注意事項について:確認しました(商品ページの記載バナーを確認しました）,NULL,,,,,,,,,,,,,,,,,,
U,432388741,cc-set403,転勤 退職 お礼 お菓子 メッセージクッキー15枚セット 箱入り ご挨拶 ギフト 送料無料 個包装 大変お世話になりました,NULL,あす着配送の注意事項について:確認しました(商品ページの記載バナーを確認しました）,NULL,,,,,,,,,,,,,,,,,,
U,432389457,cc-set404,転勤 退職 お礼 お菓子 メッセージクッキー30枚セット 箱入り ご挨拶 ギフト 送料無料 個包装 大変お世話になりました,NULL,あす着配送の注意事項について:確認しました(商品ページの記載バナーを確認しました）,NULL,,,,,,,,,,,,,,,,,,
U,432389486,cc-set405,転勤 退職 お礼 お菓子 メッセージクッキー45枚セット 箱入り ご挨拶 ギフト 送料無料 個包装 大変お世話になりました,NULL,あす着配送の注意事項について:確認しました(商品ページの記載バナーを確認しました）,NULL,,,,,,,,,,,,,,,,,,
U,432389491,cc-set406,転勤 退職 お礼 お菓子 メッセージクッキー15枚セット 箱入り ご挨拶 ギフト 送料無料 個包装 動物 お世話になりました,NULL,あす着配送の注意事項について:確認しました(商品ページの記載バナーを確認しました）,NULL,,,,,,,,,,,,,,,,,,
U,432389494,cc-set407,転勤 退職 お礼 お菓子 メッセージクッキー30枚セット 箱入り ご挨拶 ギフト 送料無料 個包装 動物 お世話になりました,NULL,あす着配送の注意事項について:確認しました(商品ページの記載バナーを確認しました）,NULL,,,,,,,,,,,,,,,,,,
U,432389560,cc-set408,転勤 退職 お礼 お菓子 メッセージクッキー45枚セット 箱入り ご挨拶 ギフト 送料無料 個包装 動物 お世話になりました,NULL,あす着配送の注意事項について:確認しました(商品ページの記載バナーを確認しました）,NULL,,,,,,,,,,,,,,,,,,
U,432389561,cc-set409,転勤 退職 お礼 お菓子 メッセージクッキー15枚セット 箱入り ご挨拶 ギフト 送料無料 個包装,NULL,あす着配送の注意事項について:確認しました(商品ページの記載バナーを確認しました）,NULL,,,,,,,,,,,,,,,,,,
U,432389795,cc-set410,転勤 退職 お礼 お菓子 メッセージクッキー30枚セット 箱入り ご挨拶 ギフト 送料無料 個包装,NULL,あす着配送の注意事項について:確認しました(商品ページの記載バナーを確認しました）,NULL,,,,,,,,,,,,,,,,,,
U,432389846,cc-set411,転勤 退職 お礼 お菓子 メッセージクッキ45枚セット 箱入り ご挨拶 ギフト 送料無料 個包装,NULL,あす着配送の注意事項について:確認しました(商品ページの記載バナーを確認しました）,NULL,,,,,,,,,,,,,,,,,,
U,432389902,cc-set412,転勤 退職 お礼 お菓子 男性 メッセージクッキー15枚セット 箱入り ご挨拶 ギフト 送料無料 個包装,NULL,あす着配送の注意事項について:確認しました(商品ページの記載バナーを確認しました）,NULL,,,,,,,,,,,,,,,,,,
U,432389945,cc-set413,転勤 退職 お礼 お菓子 男性 メッセージクッキー30枚セット 箱入り ご挨拶 ギフト 送料無料 個包装,NULL,あす着配送の注意事項について:確認しました(商品ページの記載バナーを確認しました）,NULL,,,,,,,,,,,,,,,,,,
U,432389941,cc-set414,転勤 退職 お礼 お菓子 男性 メッセージクッキー45枚セット 箱入り ご挨拶 ギフト 送料無料 個包装,NULL,あす着配送の注意事項について:確認しました(商品ページの記載バナーを確認しました）,NULL,,,,,,,,,,,,,,,,,,
U,432390677,cc-set415,転勤 退職 お礼 お菓子 メッセージクッキー15枚セット 箱入り ご挨拶 ギフト 送料無料 個包装,NULL,あす着配送の注意事項について:確認しました(商品ページの記載バナーを確認しました）,NULL,,,,,,,,,,,,,,,,,,
U,432390721,cc-set416,転勤 退職 お礼 お菓子 メッセージクッキー30枚セット 箱入り ご挨拶 ギフト 送料無料 個包装,NULL,あす着配送の注意事項について:確認しました(商品ページの記載バナーを確認しました）,NULL,,,,,,,,,,,,,,,,,,
U,432390722,cc-set417,転勤 退職 お礼 お菓子 メッセージクッキー45枚セット 箱入り ご挨拶 ギフト 送料無料 個包装,NULL,あす着配送の注意事項について:確認しました(商品ページの記載バナーを確認しました）,NULL,,,,,,,,,,,,,,,,,,
U,432391033,cc-set418,転勤 退職 お礼 お菓子 動物 ハート メッセージクッキー15枚セット 箱入り ご挨拶 ギフト 送料無料 個包装,NULL,あす着配送の注意事項について:確認しました(商品ページの記載バナーを確認しました）,NULL,,,,,,,,,,,,,,,,,,
U,432391098,cc-set419,転勤 退職 お礼 お菓子 動物 ハート メッセージクッキー30枚セット 箱入り ご挨拶 ギフト 送料無料 個包装,NULL,あす着配送の注意事項について:確認しました(商品ページの記載バナーを確認しました）,NULL,,,,,,,,,,,,,,,,,,
U,432391631,cc-set420,転勤 退職 お礼 お菓子 動物 ハート メッセージクッキー45枚セット 箱入り ご挨拶 ギフト 送料無料 個包装,NULL,あす着配送の注意事項について:確認しました(商品ページの記載バナーを確認しました）,NULL,,,,,,,,,,,,,,,,,,
U,432392046,cc-set421,転勤 退職 お礼 お菓子 動物 メッセージクッキー15枚セット 箱入り ご挨拶 ギフト 送料無料 個包装,NULL,あす着配送の注意事項について:確認しました(商品ページの記載バナーを確認しました）,NULL,,,,,,,,,,,,,,,,,,
U,432392038,1331828989,転勤 退職 お礼 お菓子 動物 メッセージクッキー30枚セット 箱入り ご挨拶 ギフト 送料無料 個包装,NULL,あす着配送の注意事項について:確認しました(商品ページの記載バナーを確認しました）,NULL,,,,,,,,,,,,,,,,,,
U,432392037,cc-set422,転勤 退職 お礼 お菓子 動物 メッセージクッキー30枚セット 箱入り ご挨拶 ギフト 送料無料 個包装,NULL,あす着配送の注意事項について:確認しました(商品ページの記載バナーを確認しました）,NULL,,,,,,,,,,,,,,,,,,
U,432392039,cc-set423,転勤 退職 お礼 お菓子 動物 メッセージクッキー45枚セット 箱入り ご挨拶 ギフト 送料無料 個包装,NULL,あす着配送の注意事項について:確認しました(商品ページの記載バナーを確認しました）,NULL,,,,,,,,,,,,,,,,,,
U,432392186,cc-set424,卒業 お礼 卒業おめでとう 配りやすい個包装 15枚セット ギフトボックス入り,,あす着配送の注意事項について:確認しました(商品ページの記載バナーを確認しました）,,,,,,,,,,,,,,,,,,,
U,432392208,cc-set425,卒業 お礼 卒業おめでとう 配りやすい個包装 30枚セット ギフトボックス入り,,あす着配送の注意事項について:確認しました(商品ページの記載バナーを確認しました）,,,,,,,,,,,,,,,,,,,
U,432392209,cc-set426,卒業 お礼 卒業おめでとう 配りやすい個包装 45枚セット ギフトボックス入り,,あす着配送の注意事項について:確認しました(商品ページの記載バナーを確認しました）,,,,,,,,,,,,,,,,,,,
U,432392273,cc-set427,卒業 お礼 動物　卒業おめでとう 配りやすい個包装 15枚セット ギフトボックス入り,,あす着配送の注意事項について:確認しました(商品ページの記載バナーを確認しました）,,,,,,,,,,,,,,,,,,,
U,432392309,cc-set428,卒業 お礼 動物　卒業おめでとう 配りやすい個包装 30枚セット ギフトボックス入り,,あす着配送の注意事項について:確認しました(商品ページの記載バナーを確認しました）,,,,,,,,,,,,,,,,,,,
U,432392361,cc-set429,卒業 お礼 動物　卒業おめでとう 配りやすい個包装 45枚セット ギフトボックス入り,,あす着配送の注意事項について:確認しました(商品ページの記載バナーを確認しました）,,,,,,,,,,,,,,,,,,,
U,432392446,cc-set430,卒業 お礼　卒業おめでとう 配りやすい個包装 15枚セット ギフトボックス入り,,あす着配送の注意事項について:確認しました(商品ページの記載バナーを確認しました）,,,,,,,,,,,,,,,,,,,
U,432392605,cc-set431,卒業 お礼　卒業おめでとう 配りやすい個包装 30枚セット ギフトボックス入り,,あす着配送の注意事項について:確認しました(商品ページの記載バナーを確認しました）,,,,,,,,,,,,,,,,,,,
U,432392611,cc-set432,卒業 お礼　卒業おめでとう 配りやすい個包装 45枚セット ギフトボックス入り,,あす着配送の注意事項について:確認しました(商品ページの記載バナーを確認しました）,,,,,,,,,,,,,,,,,,,
U,432392903,cc-set433,誕生日 お菓子 メッセージクッキーお得な15枚セット 箱入り お礼 プチギフト 個包装,,あす着配送の注意事項について:確認しました(商品ページの記載バナーを確認しました）,,,,,,,,,,,,,,,,,,,
U,432392924,cc-set434,誕生日 お菓子 メッセージクッキーお得な30枚セット 箱入り お礼 プチギフト 個包装,,あす着配送の注意事項について:確認しました(商品ページの記載バナーを確認しました）,,,,,,,,,,,,,,,,,,,
U,432392992,cc-set435,誕生日 お菓子 メッセージクッキーお得な45枚セット 箱入り お礼 プチギフト 個包装,,あす着配送の注意事項について:確認しました(商品ページの記載バナーを確認しました）,,,,,,,,,,,,,,,,,,,
U,432393076,cc-set436,誕生日 お菓子 ねこ メッセージクッキーお得な15枚セット 箱入り お礼 プチギフト 個包装,,あす着配送の注意事項について:確認しました(商品ページの記載バナーを確認しました）,,,,,,,,,,,,,,,,,,,
U,432393109,cc-set437,誕生日 お菓子 ねこ メッセージクッキーお得な30枚セット 箱入り お礼 プチギフト 個包装,,あす着配送の注意事項について:確認しました(商品ページの記載バナーを確認しました）,,,,,,,,,,,,,,,,,,,
U,432393077,cc-set438,誕生日 お菓子 ねこ メッセージクッキーお得な46枚セット 箱入り お礼 プチギフト 個包装,,あす着配送の注意事項について:確認しました(商品ページの記載バナーを確認しました）,,,,,,,,,,,,,,,,,,,
