コントロールカラム,商品管理番号（商品URL）,商品番号,商品名,在庫数
u,chocola-locabo,chocola-locabo,送料無料 お中元 お菓子 低糖質 生チョコレート 20個セット 糖質ダイエット 糖質制限 スイーツ グルテンフリー 内祝い お歳暮 ギフト 誕生日 プレゼント,20
u,chocola-locabo-2,chocola-locabo-2,送料無料 お中元【2箱セット】お菓子 低糖質 生チョコレート20個入 ダイエット 糖質制限 スイーツ グルテンフリー 内祝い  ギフト 誕生日 プレゼント,10
u,chocola-locabo-3,chocola-locabo-3,【3箱セット】送料無料 お中元 お菓子 低糖質 生チョコレート20個入  ダイエット 糖質制限 スイーツ グルテンフリー 内祝い 　ギフト 誕生日 プレゼント,5
u,chocola-locabo-4,chocola-locabo-4,【4箱セット】送料無料 お中元 お菓子 低糖質 生チョコレート20個入 ダイエット　糖質制限　濃厚生チョコ 人気のお取り寄せ 糖質ダイエット スイーツ  内祝い ギフト 誕生日 プレゼント,5
u,chocola-locabo-5,chocola-locabo-5,【5箱セット】送料無料 お中元 お菓子 低糖質 生チョコレート20個入 濃厚生チョコ 人気のお取り寄せ 糖質ダイエット 糖質制限 スイーツ  内祝い  ギフト 誕生日 プレゼント,5
u,gen-001,gen-001,人気のお取り寄せスイーツ ジェンダーリビールケーキ プレーン 6号 （6〜8人用）,40
u,gen-002,gen-002,人気のお取り寄せスイーツ ジェンダーリビールケーキ プレーン 5号 （4〜6人用）,40
u,gen-003,gen-003,人気のお取り寄せスイーツ ジェンダーリビールケーキ ローズ 6号 （6〜8人用）,40
u,gen-004,gen-004,人気のお取り寄せスイーツ ジェンダーリビールケーキ ローズ 5号 （4〜6人用）,40
u,gen-005,gen-005,人気のお取り寄せスイーツ ジェンダーリビールケーキ チョコラ 6号 （6〜8人用）,40
u,gen-006,gen-006,人気のお取り寄せスイーツ ジェンダーリビールケーキ チョコラ 5号 （4〜6人用）,40
u,hw10-seta,HW10-setA,ハロウィン お菓子 メッセージマカロン 10個セット(箱入り)お祝い プチギフト Aセット,300
u,hw10-setb,HW10-setB,ハロウィン お菓子 メッセージマカロン 10個セット(箱入り)お祝い プチギフト Bセット,300
u,hw10-setc,HW10-setC,ハロウィン お菓子 メッセージマカロン 10個セット(箱入り)お祝い プチギフト Cセット,300
u,hw10-setd,HW10-setD,ハロウィン お菓子 メッセージマカロン 10個セット(箱入り)お祝い プチギフト Dセット,300
u,hw5-seta,HW5-setA,ハロウィン お菓子 メッセージマカロン 5個セット(箱入り)お祝い プチギフト Aセット,300
u,hw5-setb,HW5-setB,ハロウィン お菓子 メッセージマカロン 5個セット(箱入り)お祝い プチギフト Bセット,300
u,hw5-setc,HW5-setC,ハロウィン お菓子 メッセージマカロン 5個セット(箱入り)お祝い プチギフト Cセット,300
u,hw5-setcd,HW5-setD,ハロウィン お菓子 メッセージマカロン 5個セット(箱入り)お祝い プチギフト Dセット,300
u,kumazu_04set,kumazu_04set,買い回り 送料無料 1000円 くまの焼き菓子セット クマーズ4個入り 期間限定 お試し お得 ギフト 手土産,50
u,locabo-chocolate-roll-h,locabo-chocolate-roll-h,お中元 ケーキ 低糖質生チョコロール ハーフサイズ プレゼント 誕生日ギフトに人気のお取り寄せ 糖質制限中でも安心 糖質ダイエット スイーツ お菓子 フォチェッタ,20
u,locabo-chocolte-roll,locabo-chocolte-roll,お中元 ケーキ 低糖質　生チョコレートのロールケーキ プレゼント 誕生日ギフトに人気のお取り寄せ 糖質制限中でも安心 糖質ダイエット スイーツ お菓子 フォチェッタ,20
u,locabo-chocolte-roll2,locabo-chocolte-roll2,【2箱まとめ買い12％OFF】 低糖質 生チョコロールケーキ 送料無料 人気のお取り寄せ お菓子  ショコラ 乳酸菌  糖質ダイエット 糖質制限 スイーツ 内祝い ギフト 誕生日 プレゼント フォチェッタ,10
u,locabo-chocolte-roll3,locabo-chocolte-roll3,バレンタイン xmas ケーキ 【3箱まとめ買い17％OFF】 低糖質 生チョコロールケーキ 送料無料 人気のお取り寄せ  糖質ダイエット 糖質制限 スイーツ グルテンフリー 内祝い お歳暮 ギフト 誕生日 プレゼント フォチェッタ,5
u,locabo-strawberry-roll,locabo-strawberry-roll,お中元 低糖質 完熟いちごロールケーキ 送料無料 人気のお取り寄せ スイーツ プレゼント お菓子 ロカボ 糖質制限 乳酸菌 誕生日 ギフト フォチェッタ,100
u,locabo-strawberry-roll2,locabo-strawberry-roll2,お中元【2箱まとめ買い14％OFF】 低糖質 完熟いちごロールケーキ 送料無料 人気のお取り寄せ スイーツ プレゼント お菓子 ロカボ 糖質制限 乳酸菌 ギフト フォチェッタ,20
u,locabo-strawberry-roll3,locabo-strawberry-roll3,お中元【3箱まとめ買い19％OFF】 低糖質 完熟いちごロールケーキ 送料無料 人気のお取り寄せ スイーツ プレゼント お菓子 ロカボ 糖質制限 乳酸菌 ギフト 母の日,10
u,nrc-locabo4,Nrc-locabo4,ひんやり濃厚　低糖質レアチーズケーキ4号(12cm)　1〜2名用　1カット糖質1.6ｇ　低糖質　ダイエット　ギフト　健康　ロカボ　乳酸菌配合　送料無料 内祝い 敬老の日,20
u,pc-005-c5,pc-005-c5,誕生日ケーキ Happy Birthday ショコラ5号サイズ（4〜6名分） バースデーケーキ 宅配 プレゼント フォチェッタ,5
u,pc-005-c6,pc-005-c6,誕生日ケーキ Happy Birthday ショコラ6号サイズ（6〜8名分） イラストケーキ 宅配 プレゼント フォチェッタ,5
u,pc-005-n5,pc-005-n5,誕生日ケーキ Happy Birthday 生クリーム 5号サイズ（4〜6名分） バースデーケーキ 宅配 プレゼント フォチェッタ,5
u,pc-005-n6,pc-005-n6,誕生日ケーキ Happy Birthday 生クリーム 6号サイズ（6〜8名分） イラストケーキ 宅配 プレゼント フォチェッタ,5
u,pc-061-c5,pc-061-c5,誕生日ケーキ HAPPY　BIRTHDAY(ネコ) ショコラ5号サイズ（4〜6名分） バースデーケーキ 宅配 プレゼント フォチェッタ,5
u,pc-061-c6,pc-061-c6,誕生日ケーキ HAPPY　BIRTHDAY(ネコ) ショコラ6号サイズ（6〜8名分） イラストケーキ 宅配 プレゼント フォチェッタ,5
u,pc-061-n5,pc-061-n5,誕生日ケーキ HAPPY　BIRTHDAY(ネコ) 生クリーム 5号サイズ（4〜6名分） バースデーケーキ 宅配 プレゼント フォチェッタ,5
u,pc-061-n6,pc-061-n6,誕生日ケーキ HAPPY　BIRTHDAY(ネコ) 生クリーム 6号サイズ（6〜8名分） イラストケーキ 宅配 プレゼント フォチェッタ,5
u,pc-086-c5,pc-086-c5,誕生日ケーキ Happy Birthday 06 ショコラ5号サイズ バースデーケーキ 宅配 プレゼント フォチェッタ インスタ映え 送料無料,5
u,pc-086-c6,pc-086-c6,誕生日ケーキ Happy Birthday ショコラ6号サイズ（6〜8名分） イラストケーキ 宅配 プレゼント フォチェッタ,5
u,pc-086-n5,pc-086-n5,誕生日ケーキ Happy Birthday 07 生クリーム 5号サイズ バースデーケーキ 宅配 プレゼント フォチェッタ インスタ映え 送料無料,5
u,pc-086-n6,pc-086-n6,誕生日ケーキHappy Birthday 生クリーム 6号サイズ（6〜8名分）イラストケーキ 宅配 プレゼント フォチェッタ,5
u,pc-087-c5,pc-087-c5,誕生日ケーキ お誕生日おめでとう(男の子・クマ)ショコラ5号サイズ（4〜6名分） バースデーケーキ 宅配 プレゼント フォチェッタ,5
u,pc-087-c6,pc-087-c6,誕生日ケーキ お誕生日おめでとう(男の子・クマ) ショコラ6号サイズ（6〜8名分） イラストケーキ 宅配 プレゼント フォチェッタ,5
u,pc-087-n5,pc-087-n5,誕生日ケーキ お誕生日おめでとう(男の子・クマ) 生クリーム 5号サイズ（4〜6名分）【バースデーケーキ】【ギフト、プレゼント】：フォチェッタ,5
u,pc-087-n6,pc-087-n6,誕生日ケーキ お誕生日おめでとう(男の子・クマ) 生クリーム 6号サイズ（6〜8名分） イラストケーキ 宅配 プレゼント フォチェッタ,5
u,pc-088-c5,pc-088-c5,誕生日ケーキ お誕生日おめでとう(女の子・クマ)ショコラ5号サイズ（4〜6名分） バースデーケーキ 宅配 プレゼント フォチェッタ,5
u,pc-088-c6,pc-088-c6,誕生日ケーキ お誕生日おめでとう(女の子・クマ) ショコラ6号サイズ（6〜8名分）【イラストケーキ】【ギフト、プレゼント】：フォチェッタ,5
u,pc-088-n5,pc-088-n5,誕生日ケーキ お誕生日おめでとう(女の子・クマ) 生クリーム 5号サイズ（4〜6名分） バースデーケーキ 宅配 プレゼント フォチェッタ,5
u,pc-088-n6,pc-088-n6,誕生日ケーキ お誕生日おめでとう(女の子・クマ) 生クリーム 6号サイズ（6〜8名分） イラストケーキ 宅配 プレゼント フォチェッタ,5
u,pc-089-c5,pc-089-c5,誕生日ケーキ Happy Birthday to you  04　ショコラ5号サイズ バースデーケーキ プレゼント フォチェッタ インスタ映え 送料無料 宅配,5
u,pc-089-c6,pc-089-c6,誕生日ケーキ Happy Birthday to you ショコラ6号サイズ（6〜8名分）イラストケーキ 宅配 プレゼント フォチェッタ,5
u,pc-089-n5,pc-089-n5,誕生日ケーキ Happy Birthday to you  05 生クリーム 5号サイズ バースデーケーキ 宅配 プレゼント フォチェッタ インスタ映え 送料無料,5
u,pc-089-n6,pc-089-n6,誕生日ケーキHappy Birthday to you 生クリーム 6号サイズ（6〜8名分）バースデーケーキ 宅配 プレゼント フォチェッタ,5
u,pc-090-c5,pc-090-c5,誕生日ケーキ Happy Birthday 02 ショコラ5号サイズ バースデーケーキ ギフト プレゼント インスタ映え 送料無料 宅配,5
u,pc-090-c6,pc-090-c6,誕生日ケーキ Happy Birthday ショコラ6号サイズ（6〜8名分）バースデーケーキ 宅配 プレゼント フォチェッタ,5
u,pc-090-n5,pc-090-n5,誕生日ケーキ Happy Birthday 03  生クリーム 5号サイズ バースデーケーキ ギフト プレゼント  インスタ映え 送料無料 宅配,5
u,pc-090-n6,pc-090-n6,誕生日ケーキHappy Birthday 生クリーム 6号サイズ（6〜8名分）バースデーケーキ 宅配 プレゼント フォチェッタ,5
u,pc-091-c6,pc-091-c6,誕生日ケーキ HAPPY BIRTHDAY to you ショコラ6号サイズ（6〜8名分）バースデーケーキ 宅配 プレゼント フォチェッタ,5
u,pc-091-n5,pc-091-n5,誕生日ケーキ HAPPY BIRTHDAY to you 01 生クリーム 5号サイズ バースデーケーキ フォチェッタ インスタ映え 送料無料 宅配,5
u,pc-091-n6,pc-091-n6,誕生日ケーキHAPPY BIRTHDAY to you 生クリーム 6号サイズ（6〜8名分）バースデーケーキ 宅配 プレゼント フォチェッタ,5
u,pc-304-c5,pc-304-c5,誕生日ケーキ Happy Birthday(Girl) ショコラ5号サイズ（4〜6名分） バースデーケーキ 宅配 プレゼント フォチェッタ,5
u,pc-304-c6,pc-304-c6,誕生日ケーキ Happy Birthday (Girl)  ショコラ6号サイズ（6〜8名分） イラストケーキ 宅配 プレゼント フォチェッタ,5
u,pc-304-n5,pc-304-n5,誕生日ケーキ Happy Birthday(Girl) 生クリーム 5号サイズ（4〜6名分） バースデーケーキ 宅配 プレゼント フォチェッタ,5
u,pc-304-n6,pc-304-n6,誕生日ケーキ Happy Birthday (Girl) 生クリーム 6号サイズ（6〜8名分） イラストケーキ 宅配 プレゼント フォチェッタ,5
u,pc-305-c5,pc-305-c5,誕生日ケーキ Happy Birthday(boy)  ショコラ5号サイズ（4〜6名分） バースデーケーキ 宅配 プレゼント フォチェッタ,5
u,pc-305-c6,pc-305-c6,誕生日ケーキHappy Birthday (boy)  ショコラ6号サイズ（6〜8名分） イラストケーキ 宅配 プレゼント フォチェッタ,5
u,pc-305-n5,pc-305-n5,誕生日ケーキ Happy Birthday(boy) 生クリーム 5号サイズ（4〜6名分） バースデーケーキ 宅配 プレゼント フォチェッタ,5
u,pc-305-n6,pc-305-n6,誕生日ケーキ Happy Birthday (boy) 生クリーム 6号サイズ（6〜8名分） イラストケーキ 宅配 プレゼント フォチェッタ,5
u,pc-308-c5,pc-308-c5,誕生日ケーキ Happy Birthday (くま) ショコラ5号サイズ（4〜6名分） バースデーケーキ 宅配 プレゼント フォチェッタ,5
u,pc-308-c6,pc-308-c6,誕生日ケーキ Happy Birthday (くま) ショコラ6号サイズ（6〜8名分） イラストケーキ 宅配 プレゼント フォチェッタ,5
u,pc-308-n5,pc-308-n5,誕生日ケーキ Happy Birthday (くま) 生クリーム 5号サイズ（4〜6名分）バースデーケーキ 宅配 プレゼント フォチェッタ,5
u,pc-308-n6,pc-308-n6,誕生日ケーキ Happy Birthday (くま) 生クリーム 6号サイズ（6〜8名分） イラストケーキ 宅配 プレゼント フォチェッタ,5
u,pc-312-c5,pc-312-c5,誕生日ケーキ Happy Birthday (くま文字) ショコラ5号サイズ（4〜6名分） バースデーケーキ 宅配 プレゼント フォチェッタ,5
u,pc-312-c6,pc-312-c6,誕生日ケーキHappy Birthday (くま文字)  ショコラ6号サイズ（6〜8名分） イラストケーキ 宅配 プレゼント フォチェッタ,5
u,pc-312-n5,pc-312-n5,誕生日ケーキ Happy Birthday (くま文字) 生クリーム 5号サイズ（4〜6名分） バースデーケーキ 宅配 プレゼント フォチェッタ,5
u,pc-312-n6,pc-312-n6,誕生日ケーキ Happy Birthday (くま文字) 生クリーム 6号サイズ（6〜8名分） イラストケーキ 宅配 プレゼント フォチェッタ,5
u,pc-650-c5,pc-650-c5,誕生日ケーキ 1歳おめでとう  ショコラ5号サイズ（4〜6名分） バースデーケーキ 宅配 プレゼント フォチェッタ インスタ映え 送料無料,5
u,pc-650-c6,pc-650-c6,誕生日ケーキ1歳おめでとう ショコラ6号サイズ（6〜8名分） イラストケーキ 宅配  プレゼント フォチェッタ,5
u,pc-650-n5,pc-650-n5,誕生日ケーキ 1歳おめでとう 生クリーム 5号サイズ4名から6名用バースデーケーキ 宅配 プレゼント フォチェッタ インスタ映え 送料無料,5
u,pc-650-n6,pc-650-n6,誕生日ケーキ 1歳おめでとう生クリーム 6号サイズ（6〜8名分）イラストケーキ 宅配  プレゼント フォチェッタ,5
u,pc-652-c5,pc-652-c5,1歳 誕生日ケーキ HAPPY 1st BIRTHDAY  ショコラ5号サイズ（4〜6名分） バースデーケーキ 宅配 プレゼント フォチェッタ インスタ映え,5
u,pc-652-c6,pc-652-c6,1歳 誕生日ケーキHAPPY 1st BIRTHDAY ショコラ6号サイズ（6〜8名分） イラストケーキ 宅配 プレゼント フォチェッタ,5
u,pc-652-n5,pc-652-n5,1歳 誕生日ケーキ HAPPY 1st BIRTHDAY 生クリーム 5号サイズ（4〜6名分） バースデーケーキ 宅配 プレゼント フォチェッタ インスタ映え 送料無料,5
u,pc-652-n6,pc-652-n6,1歳 誕生日ケーキHAPPY 1st BIRTHDAY 生クリーム 6号サイズ（6〜8名分） イラストケーキ 宅配 プレゼント フォチェッタ,5
u,pc-653-c5,pc-653-c5,2歳 誕生日ケーキ HAPPY 2nd BIRTHDAY  ショコラ5号サイズ（4〜6名分） バースデーケーキ 宅配 プレゼント フォチェッタ インスタ映え 送料無料,5
u,pc-653-c6,pc-653-c6,2歳 誕生日ケーキHAPPY 2nd BIRTHDAYショコラ6号サイズ（6〜8名分） イラストケーキ 宅配 プレゼント フォチェッタ,5
u,pc-653-n5,pc-653-n5,2歳 誕生日ケーキ HAPPY 2nd BIRTHDAY 生クリーム 5号サイズ（4〜6名分） バースデーケーキ 宅配 プレゼント フォチェッタ インスタ映え 送料無料,5
u,pc-653-n6,pc-653-n6,2歳 誕生日ケーキHAPPY 2nd BIRTHDAY 生クリーム 6号サイズ（6〜8名分） イラストケーキ 宅配 プレゼント フォチェッタ,5
u,pc-654-c5,pc-654-c5,2歳 誕生日ケーキ HAPPY 2nd BIRTHDAY 08 ショコラ5号サイズ バースデーケーキ 宅配 プレゼント フォチェッタ インスタ映え 送料無料,5
u,pc-654-c6,pc-654-c6,2歳のお孫さんに贈る誕生日ケーキ HAPPY 2nd BIRTHDAYショコラ6号サイズ 6〜8名分 イラストケーキ 宅配 ギフト フォチェッタ,5
u,pc-654-n5,pc-654-n5,2歳 誕生日ケーキ HAPPY 2nd BIRTHDAY 生クリーム 5号サイズ（4〜6名分） バースデーケーキ 宅配 プレゼント フォチェッタ インスタ映え 送料無料,5
u,pc-654-n6,pc-654-n6,2歳 誕生日ケーキ HAPPY 2nd BIRTHDAY 生クリーム 6号サイズ（6〜8名分） イラストケーキ 宅配 プレゼント フォチェッタ,5
u,pm-set1,PM-set1,ありがとう お菓子 メッセージマカロン 5個セットお礼 プチギフト,300
u,pm-set10,PM-set10,和柄 メッセージマカロン 10個セット お礼 プチギフト インスタ映え,300
u,pm-set100,PM-set100,FATHER'S DAY・父の日メッセージマカロン10個セット(箱入り)お祝い・プチギフト,300
u,pm-set101,PM-set101,FATHER'S DAY・父の日メッセージマカロン20個セット(箱入り)お祝い・プチギフト,300
u,pm-set102,PM-set102,父の日 イラストメッセージマカロン 5個セット(箱入り)お祝い・プチギフト,300
u,pm-set103,PM-set103,父の日　イラストメッセージマカロン 10個セット(箱入り)お祝い・プチギフト,300
u,pm-set104,PM-set104,父の日 ネクタイメッセージマカロン 5個セット 箱入り お祝い プチギフト,300
u,pm-set105,PM-set105,父の日＊ネクタイメッセージマカロン 10個セット(箱入り)お祝い・プチギフト,300
u,pm-set106,PM-set106,父の日 ネクタイメッセージマカロン 10個セット 箱入り お祝い プチギフト,300
u,pm-set107,PM-set107,転勤 退職 お菓子 どうぶつたちのお礼メッセージマカロン 5個セット(箱入り)お礼 プチギフト お世話になりました,300
u,pm-set108,PM-set108,転職 退職 お菓子 お礼 どうぶつたちのお礼メッセージマカロン 10個セット(箱入り)ご挨拶 プチギフト お世話になりました,300
u,pm-set109,PM-set109,転職 退職 お菓子 お礼 どうぶつたちのお礼メッセージマカロン 20個セット(箱入り)ご挨拶 プチギフト お世話になりました,300
u,pm-set11,PM-set11,出産祝い お菓子 メッセージマカロン プチギフト,300
u,pm-set110,PM-set110,ありがとう お菓子 メッセージマカロン 5個セット(箱入り)お礼 プチギフト,300
u,pm-set111,PM-set111,ありがとう お菓子 メッセージマカロン 10個セット(箱入り)お礼 プチギフト,300
u,pm-set112,PM-set112,ありがとう お菓子 メッセージマカロン 20個セット 箱入り お礼 プチギフト,300
u,pm-set113,PM-set113,ありがとう お菓子 メッセージマカロン 5個セット(箱入り)お礼 プチギフト,300
u,pm-set114,PM-set114,ありがとう お菓子 メッセージマカロン 10個セット　箱入り　お礼 プチギフト,300
u,pm-set115,PM-set115,お花のラブリー　ありがとうメッセージマカロン 20個セット 箱入り お礼 プチギフト,300
u,pm-set12,PM-set12,出産祝い お菓子 メッセージマカロン 10個セット お祝い プチギフト,300
u,pm-set124,PM-set124,クリスマスパーティーに！メッセージマカロン 5個　Aセット(箱入り)お礼・プチギフト 【楽天市場】【Xmasお菓子】,300
u,pm-set125,PM-set125,クリスマスパーティーに！メッセージマカロン 5個　Bセット(箱入り)お礼・プチギフト 【楽天市場】【Xmasお菓子】,300
u,pm-set126,PM-set126,クリスマスパーティーに！メッセージマカロン 5個　Cセット(箱入り)お礼・プチギフト 【楽天市場】【Xmasお菓子】,300
u,pm-set127,PM-set127,クリスマスパーティーに！メッセージマカロン 5個　Dセット(箱入り)お礼・プチギフト 【楽天市場】【Xmasお菓子】,300
u,pm-set128,pm-set128,クリスマスパーティーに！メッセージマカロン 10個　Aセット(箱入り)お礼・プチギフト,300
u,pm-set129,pm-set129,クリスマスパーティーに！メッセージマカロン 10個　Bセット(箱入り)お礼・プチギフト,300
u,pm-set13,PM-set13,退職 お菓子 お世話になりましたメッセージマカロン 5個セット お礼 挨拶 プチギフト,300
u,pm-set130,pm-set130,クリスマス メッセージマカロン 10個　Cセット 箱入り お菓子 プチギフト,300
u,pm-set131,pm-set131,クリスマス メッセージマカロン 10個　Dセット(箱入り) お菓子 プチギフト,300
u,pm-set132,PM-set132,バレンタインに！メッセージマカロン5個Aセット(箱入り)お礼・プチギフト,300
u,pm-set133,PM-set133,バレンタインに！メッセージマカロン10個Aセット(箱入り)お礼・プチギフト,300
u,pm-set134,PM-set134,バレンタインに！メッセージマカロン5個Bセット(箱入り)お礼・プチギフト,300
u,pm-set135,PM-set135,バレンタインに！メッセージマカロン10個Bセット(箱入り)お礼・プチギフト,300
u,pm-set136,PM-set136,バレンタインに！メッセージマカロン5個Cセット(箱入り)お礼・プチギフト,300
u,pm-set137,PM-set137,バレンタインに！メッセージマカロン10個Cセット(箱入り)お礼・プチギフト,300
u,pm-set138,PM-set138,バレンタインに！メッセージマカロン5個Dセット(箱入り)お礼・プチギフト,300
u,pm-set139,PM-set139,バレンタインに！メッセージマカロン10個Dセット(箱入り)お礼・プチギフト,300
u,pm-set14,PM-set14,転職 退職 お菓子 お礼 メッセージマカロン 10個セット ご挨拶 プチギフト お世話になりました,300
u,pm-set140,PM-set140,お正月の集まりに！メッセージマカロン(亥) 5個セット(箱入り)お礼・プチギフト,300
u,pm-set141,PM-set141,お正月の集まりに！メッセージマカロン(亥) 10個セット(箱入り)お礼・プチギフト,300
u,pm-set142,pm-set142,令和メッセージマカロン 5個セット お礼やプチギフトに最適な新元号マカロン,300
u,pm-set143,PM-set143,令和を祝うメッセージマカロン 10個セット プチギフト 新元号 インスタ映え,300
u,pm-set144,PM-set144,令和 メッセージマカロン 20個セット　新元号のお祝い用インスタ映えスイーツ,300
u,pm-set145,pm-set145,令和 動物がかわいいメッセージマカロン 5個セット 新元号お祝いマカロン,300
u,pm-set146,PM-set146,令和を祝う動物がかわいいメッセージマカロン 10個セット プチギフト 新元号を祝うインスタ映えスイーツ,300
u,pm-set147,PM-set147,令和を祝う動物がかわいいメッセージマカロン 20個セット プチギフト 新元号のインスタ映えスイーツ,300
u,pm-set148,PM-set148,快気祝い お見舞い返し 入院中にお世話になった方々への感謝の気持ちをメッセージマカロンで贈ろう プリントマカロン 5個セット ギフトボックス入り,300
u,pm-set149,PM-set149,快気祝い お見舞い返し 入院中にお世話になった方々への感謝の気持ちをメッセージマカロンで贈ろう プリントマカロン 10個セット ギフトボックス入り,300
u,pm-set15,PM-set15,おいしいスイーツ・おめでとう！メッセージマカロン 5個セット(箱入り)お祝い・プチギフト,300
u,pm-set150,PM-set150,快気祝い お見舞い返し 入院中にお世話になった方々への感謝の気持ちをメッセージマカロンで贈ろう プリントマカロン 20個セット ギフトボックス入り,300
u,pm-set151,PM-set151,記念日 感謝 お礼 記念日に感謝の気持ちをメッセージマカロンで贈ろう 5個セット ギフトボックス入り,300
u,pm-set152,PM-set152,記念日 感謝 お礼 記念日に感謝の気持ちをメッセージマカロンで贈ろう 10個セット ギフトボックス入り,300
u,pm-set153,PM-set153,記念日 感謝 お礼 記念日に感謝の気持ちをメッセージマカロンで贈ろう 20個セット ギフトボックス入り,300
u,pm-set154,PM-set154,お礼 感謝 退職をする先輩や上司へ 今までの感謝をストレートに伝えるメッセージマカロン 5個セット ギフトボックス入り,300
u,pm-set155,PM-set155,お礼 感謝 退職をする先輩や上司へ 今までの感謝をストレートに伝えるメッセージマカロン 10個セット ギフトボックス入り,300
u,pm-set156,PM-set156,お礼 感謝 退職をする先輩や上司へ 今までの感謝をストレートに伝えるメッセージマカロン 20個セット ギフトボックス入り,300
u,pm-set157,PM-set157,還暦 古希 喜寿 米寿 緑寿 などの長寿祝いにメッセージマカロンでお祝いの気持ちをストレートに伝えよう 5個セット ギフトボックス入り,300
u,pm-set158,PM-set158,還暦 古希 喜寿 米寿 緑寿 などの長寿祝いにメッセージマカロンでお祝いの気持ちをストレートに伝えよう 10個セット ギフトボックス入り,300
u,pm-set159,PM-set159,合格祝い 受験の合格祝いにピッタリの可愛いイラストメッセージマカロンでお祝いしよう 5個セット ギフトボックス入り,300
u,pm-set16,PM-set16,おめでとう お菓子 メッセージマカロン 10個セット　お祝い プチギフト,300
u,pm-set160,PM-set160,合格祝い 受験の合格祝いにピッタリの可愛いイラストメッセージマカロンでお祝いしよう 10個セット ギフトボックス入り,300
u,pm-set161,PM-set161,就職祝い お祝いの気持ちがストレートに伝わる可愛いイラストメッセージマカロンでお祝いしよう 5個セット ギフトボックス入り,300
u,pm-set162,PM-set162,就職祝い お祝いの気持ちがストレートに伝わる可愛いイラストメッセージマカロンでお祝いしよう 10個セット ギフトボックス入り,300
u,pm-set163,PM-set163,陣中見舞い 頑張る人たちを応援する差し入れにメッセージマカロンをどうぞ 5個セット ギフトボックス入り,300
u,pm-set164,PM-set164,陣中見舞い 頑張る人たちを応援する差し入れにメッセージマカロンをどうぞ 10個セット ギフトボックス入り,300
u,pm-set165,PM-set165,告白 大好きなあの人にプリントスイーツで告白しよう 好きがストレートに伝わるメッセージマカロン 5個セット ギフトボックス入り,300
u,pm-set166,PM-set166,告白 大好きなあの人にプリントスイーツで告白しよう 好きがストレートに伝わるメッセージマカロン 10個セット ギフトボックス入り,300
u,pm-set167,PM-set167,ごめんなさい 仲直り用メッセージスイーツ 夫婦ケンカなど謝りたい時に気持ちが伝わるメッセージマカロン 5個セット ギフトボックス入り,300
u,pm-set168,PM-set168,ごめんなさい 仲直り用メッセージスイーツ 夫婦ケンカなど謝りたい時に気持ちが伝わるメッセージマカロン 10個セット ギフトボックス入り,300
u,pm-set169,PM-set169,卒業 お礼 今までお世話になった先生に感謝の気持ちのメッセージマカロンを贈ろう 5個セット ギフトボックス入り,300
u,pm-set17,PM-set17,応援 お菓子 がんばれ メッセージマカロン 5個セット　お礼 プチギフト,300
u,pm-set170,PM-set170,卒業 お礼 今までお世話になった先生に感謝の気持ちのメッセージマカロンを贈ろう 10個セット ギフトボックス入り,300
u,pm-set171,PM-set171,卒業 お礼 今までお世話になった先生に感謝の気持ちのメッセージマカロンを贈ろう 20個セット ギフトボックス入り,300
u,pm-set172,PM-set172,引越し 転居 ご挨拶 お世話になったお友達やご近所様にお礼を伝えるメッセージマカロン 5個セット ギフトボックス入り,300
u,pm-set173,PM-set173,引越し 転居 ご挨拶 お世話になったお友達やご近所様にお礼を伝えるメッセージマカロン 10個セット ギフトボックス入り,300
u,pm-set174,PM-set174,引越し 転居 ご挨拶 お世話になったお友達やご近所様にお礼を伝えるメッセージマカロン 20個セット ギフトボックス入り,300
u,pm-set175,PM-set175,転校 お礼 お世話になった方に感謝の気持ちをストレートに伝えるカワイイ動物イラストのメッセージマカロン 5枚セット ギフトボックス,300
u,pm-set176,PM-set176,転校 お礼 お世話になった方に感謝の気持ちをストレートに伝えるカワイイ動物イラストのメッセージマカロン 10枚セット ギフトボックス,300
u,pm-set177,PM-set177,転校 お礼 お世話になった方に感謝の気持ちをストレートに伝えるカワイイ動物イラストのメッセージマカロン 20枚セット ギフトボックス,300
u,pm-set178,PM-set178,卒団 卒部 支えてくれた後輩に後を託す気持ちのメッセージマカロンを贈ろう 5個セット ギフトボックス入り,300
u,pm-set179,PM-set179,卒団 卒部 支えてくれた後輩に後を託す気持ちのメッセージマカロンを贈ろう 10個セット ギフトボックス入り,300
u,pm-set18,PM-set18,応援 がんばれ お菓子 メッセージマカロン 10個セット プチギフト,300
u,pm-set180,PM-set180,卒団 卒部 支えてくれた後輩に後を託す気持ちのメッセージマカロンを贈ろう 20個セット ギフトボックス入り,300
u,pm-set181,PM-set181,産休 お菓子 あいさつ パパママ赤ちゃんのカワイイイラストのメッセージマカロン 5個セット 手作り スイーツ ギフト,300
u,pm-set182,PM-set182,産休 お菓子 あいさつ パパママ赤ちゃんのカワイイイラストのメッセージマカロン 10個セット 手作り スイーツ ギフト,300
u,pm-set183,PM-set183,産休 お菓子 あいさつ パパママ赤ちゃんのカワイイイラストのメッセージマカロン 20個セット 手作り スイーツ ギフト,300
u,pm-set184,PM-set184,産休 お菓子 あいさつ 人気の5つのフレーバーで美味しい ネコのイラスト メッセージマカロン 5個セット 手作り スイーツ ギフト,300
u,pm-set185,PM-set185,産休 お菓子 あいさつ 人気の5つのフレーバーで美味しい ネコのイラスト メッセージマカロン 10個セット 手作り スイーツ ギフト,300
u,pm-set186,PM-set186,産休 お菓子 あいさつ 人気の5つのフレーバーで美味しい ネコのイラスト メッセージマカロン 20個セット 手作り スイーツ ギフト,300
u,pm-set187,PM-set187,産休 お菓子 あいさつ かわいいアニマルイラスト メッセージマカロン 5個セット 手作り スイーツ ギフト,300
u,pm-set188,PM-set188,産休 お菓子 あいさつ かわいいアニマルイラスト メッセージマカロン 10個セット 手作り スイーツ ギフト,300
u,pm-set189,PM-set189,産休 お菓子 あいさつ かわいいアニマルイラスト メッセージマカロン 20個セット 手作り スイーツ ギフト,300
u,pm-set19,PM-set19,大好き お菓子 すき メッセージマカロン 5個セット お礼 プチギフト,300
u,pm-set190,PM-set190,産休 お菓子 あいさつ 人気の5つのフレーバーで美味しい 家族でご挨拶 メッセージマカロン 5個セット 手作り スイーツ ギフト,300
u,pm-set191,PM-set191,産休 お菓子 あいさつ 人気の5つのフレーバーで美味しい 家族でご挨拶 メッセージマカロン 10個セット 手作り スイーツ ギフト,300
u,pm-set192,PM-set192,産休 お菓子 あいさつ 人気の5つのフレーバーで美味しい 家族でご挨拶 メッセージマカロン 20個セット 手作り スイーツ ギフト,300
u,pm-set193,PM-set193,産休 お菓子 あいさつ 気持ちを伝える 人気の5つのフレーバーで美味しい メッセージマカロン 5個セット 手作り スイーツ ギフト,300
u,pm-set194,PM-set194,産休 お菓子 あいさつ 気持ちを伝える 人気の5つのフレーバーで美味しい メッセージマカロン 10個セット 手作り スイーツ ギフト,300
u,pm-set195,PM-set195,産休 お菓子 あいさつ 気持ちを伝える 人気の5つのフレーバーで美味しい メッセージマカロン 20個セット 手作り スイーツ ギフト,300
u,pm-set196,PM-set196,産休 お菓子 あいさつ 職場へのご挨拶に 人気の5つのフレーバーで美味しい メッセージマカロン 5個セット 手作り スイーツ ギフト,300
u,pm-set197,PM-set197,産休 お菓子 あいさつ 職場へのご挨拶に 人気の5つのフレーバーで美味しい メッセージマカロン 10個セット 手作り スイーツ ギフト,300
u,pm-set198,PM-set198,産休 お菓子 あいさつ 職場へのご挨拶に 人気の5つのフレーバーで美味しい メッセージマカロン 20個セット 手作り スイーツ ギフト,300
u,pm-set199,PM-set199,ハロウィン お菓子 メッセージマカロン キュートなお化けがカワイイ HAPPY HALLOWEEN 5個セット 手作り スイーツ ギフト,300
u,pm-set2,PM-set2,ありがとう お菓子 メッセージマカロン 10個セットお礼 プチギフト,300
u,pm-set20,PM-set20,大好き お菓子 メッセージマカロン 10個セット　お礼 プチギフト,300
u,pm-set200,PM-set200,ハロウィン お菓子 メッセージマカロン キュートなお化けがカワイイ HAPPY HALLOWEEN 10個セット 手作り スイーツ ギフト,300
u,pm-set201,PM-set201,ハロウィン お菓子 メッセージマカロン キュートなお化けがカワイイ HAPPY HALLOWEEN 20個セット 手作り スイーツ ギフト,300
u,pm-set202,PM-set202,ハロウィン お菓子 メッセージマカロン かわいいキッズがトリックオアトリート 5個セット 手作り スイーツ ギフト,300
u,pm-set203,PM-set203,ハロウィン お菓子 メッセージマカロン かわいいキッズがトリックオアトリート 10個セット 手作り スイーツ ギフト,300
u,pm-set204,PM-set204,ハロウィン お菓子 メッセージマカロン かわいいキッズがトリックオアトリート 20個セット 手作り スイーツ ギフト,300
u,pm-set205,PM-set205,ハロウィン お菓子 メッセージマカロン モンスターたちが大騒ぎ パンプキンナイト 5個セット 手作り スイーツ ギフト,300
u,pm-set206,PM-set206,ハロウィン お菓子 メッセージマカロン モンスターたちが大騒ぎ パンプキンナイト 10個セット 手作り スイーツ ギフト,300
u,pm-set207,PM-set207,ハロウィン お菓子 メッセージマカロン モンスターたちが大騒ぎ パンプキンナイト 20個セット 手作り スイーツ ギフト,300
u,pm-set208,PM-set208,ハロウィン お菓子 メッセージマカロン コミックモンスターたちのハロウィンパーティ 5個セット 手作り スイーツ ギフト,300
u,pm-set209,PM-set209,ハロウィン お菓子 メッセージマカロン コミックモンスターたちのハロウィンパーティ 10個セット 手作り スイーツ ギフト,300
u,pm-set21,PM-set21,お詫び お菓子 ごめんなさい… メッセージマカロン 5個セット 謝罪 プチギフト,300
u,pm-set210,PM-set210,ハロウィン お菓子 メッセージマカロン コミックモンスターたちのハロウィンパーティ 20個セット 手作り スイーツ ギフト,300
u,pm-set211,PM-set211,ハロウィン お菓子 メッセージマカロン 動物たちの楽しいハッピーハロウィン 5個セット 手作り スイーツ ギフト,300
u,pm-set212,PM-set212,ハロウィン お菓子 メッセージマカロン 動物たちの楽しいハッピーハロウィン 10個セット 手作り スイーツ ギフト,300
u,pm-set213,PM-set213,ハロウィン お菓子 メッセージマカロン 動物たちの楽しいハッピーハロウィン 20個セット 手作り スイーツ ギフト,300
u,pm-set214,PM-set214,ハロウィン お菓子 メッセージマカロン ハッピーハロウィンパーティナイト 人気の5つのフレーバーで美味しい 5個セット 手作り スイーツ ギフト,300
u,pm-set215,PM-set215,ハロウィン お菓子 メッセージマカロン ハッピーハロウィンパーティナイト 人気の5つのフレーバーで美味しい 10個セット 手作り スイーツ ギフト,300
u,pm-set216,PM-set216,ハロウィン お菓子 メッセージマカロン ハッピーハロウィンパーティナイト 人気の5つのフレーバーで美味しい 20個セット 手作り スイーツ ギフト,300
u,pm-set217,PM-set217,ハロウィン お菓子 メッセージマカロン ジャックオランタンとお祝い 人気の5つのフレーバーで美味しい 5個セット 手作り スイーツ ギフト,300
u,pm-set218,PM-set218,ハロウィン お菓子 メッセージマカロン ジャックオランタンとお祝い 人気の5つのフレーバーで美味しい 10個セット 手作り スイーツ ギフト,300
u,pm-set219,PM-set219,ハロウィン お菓子 メッセージマカロン ジャックオランタンとお祝い 人気の5つのフレーバーで美味しい 20個セット 手作り スイーツ ギフト,300
u,pm-set22,PM-set22,お詫び ごめんなさい 謝罪 お菓子 メッセージマカロン 10個セット プチギフト,300
u,pm-set220,PM-set220,ハロウィン お菓子 メッセージマカロンで差をつけるハロウィンパーティ 人気の5つのフレーバーで美味しい 5個セット 手作り スイーツ ギフト,300
u,pm-set221,PM-set221,ハロウィン お菓子 メッセージマカロンで差をつけるハロウィンパーティ 人気の5つのフレーバーで美味しい 10個セット 手作り スイーツ ギフト,300
u,pm-set222,PM-set222,ハロウィン お菓子 メッセージマカロンで差をつけるハロウィンパーティ 人気の5つのフレーバーで美味しい 20個セット 手作り スイーツ ギフト,300
u,pm-set223,PM-set223,ハロウィン お菓子 メッセージマカロン 色々な魔女が勢ぞろい 人気の5つのフレーバーで美味しい 5個セット 手作り スイーツ ギフト,300
u,pm-set224,PM-set224,ハロウィン お菓子 メッセージマカロン 色々な魔女が勢ぞろい 人気の5つのフレーバーで美味しい 10個セット 手作り スイーツ ギフト,300
u,pm-set225,PM-set225,ハロウィン お菓子 メッセージマカロン 色々な魔女が勢ぞろい 人気の5つのフレーバーで美味しい 20個セット 手作り スイーツ ギフト,300
u,pm-set226,PM-set226,ハロウィン お菓子 メッセージマカロン モンスター大集合 お祭り気分でお祝いパーティ 人気の5つのフレーバーで美味しい 5個セット 手作り スイーツ ギフト,300
u,pm-set227,PM-set227,ハロウィン お菓子 メッセージマカロン モンスター大集合 お祭り気分でお祝いパーティ 人気の5つのフレーバーで美味しい 10個セット 手作り スイーツ ギフト,300
u,pm-set228,PM-set228,ハロウィン お菓子 メッセージマカロン モンスター大集合 お祭り気分でお祝いパーティ 人気の5つのフレーバーで美味しい 20個セット 手作り スイーツ ギフト,300
u,pm-set229,PM-set229,クリスマスパーティ スイーツ メッセージマカロン サンタさんと一緒にハッピークリスマス 5つのフレーバーがおいしい 5個セット お菓子,300
u,pm-set23,PM-set23,産休 お菓子 挨拶 メッセージマカロン 5個セット 感謝とお礼 プチギフト,300
u,pm-set230,PM-set230,クリスマスパーティ スイーツ メッセージマカロン サンタさんと一緒にハッピークリスマス インスタ映えのかわいいフォルムでクリパを盛り上げる 10個セット お菓子,300
u,pm-set231,PM-set231,クリスマスパーティ スイーツ メッセージマカロン サンタさんと一緒にハッピークリスマス ファミリーのXmasパーティーに最適 20個セット お菓子,300
u,pm-set232,PM-set232,クリスマス スイーツ メッセージマカロン 動物たちのクリスマスパーティ  5つのフレーバーがおいしい 5個セット お菓子,300
u,pm-set233,PM-set233,クリスマス スイーツ メッセージマカロン 動物たちのクリスマスパーティ  インスタ映えのかわいいフォルムでクリパを盛り上げる 10個セット お菓子,300
u,pm-set234,PM-set234,クリスマス スイーツ メッセージマカロン 動物たちのクリスマスパーティ  ファミリーのXmasパーティーに最適 20個セット お菓子,300
u,pm-set235,PM-set235,Xmas お菓子 クリスマスパーティ  おしゃれ メッセージマカロン 5つのフレーバーがおいしい 5個セット スイーツ,300
u,pm-set236,PM-set236,Xmas お菓子 クリスマスパーティ  おしゃれ メッセージマカロン インスタ映えのかわいいフォルムでクリパを盛り上げる 10個セット スイーツ,300
u,pm-set237,PM-set237,Xmas お菓子 クリスマスパーティ  おしゃれ メッセージマカロン ファミリーのXmasパーティーに最適 20個セット スイーツ,300
u,pm-set238,PM-set238,MERRY CHRICTMAS メッセージマカロン 子どもたちが大好きな クリスマスパーティ 5つのフレーバーがおいしい 5個セット お菓子,300
u,pm-set239,PM-set239,MERRY CHRICTMAS メッセージマカロン 子どもたちが大好きな クリスマスパーティ インスタ映えのかわいいフォルムでクリパを盛り上げる 10個セット お菓子,300
u,pm-set24,PM-set24,産休 お菓子 メッセージマカロン 10個セット お礼 挨拶 プチギフト,300
u,pm-set240,PM-set240,MERRY CHRICTMAS メッセージマカロン 子どもたちが大好きな クリスマスパーティ ファミリーのXmasパーティーに最適 20個セット お菓子,300
u,pm-set241,PM-set241,Xmas お菓子 MERRY CHRICTMAS メッセージマカロン クリスマスの夜が楽しみになる 5つのフレーバーがおいしい 5個セット お菓子,300
u,pm-set242,PM-set242,Xmas お菓子 MERRY CHRICTMAS メッセージマカロン クリスマスの夜が楽しみになる インスタ映えのかわいいフォルムでクリパを盛り上げる 10個セット お菓子,300
u,pm-set243,PM-set243,Xmas お菓子 MERRY CHRICTMAS メッセージマカロン クリスマスの夜が楽しみになる ファミリーのXmasパーティーに最適 20個セット お菓子,300
u,pm-set244,PM-set244,お正月の集まりに！ねずみ年メッセージマカロン 5個セット(箱入り)お礼・プチギフト,300
u,pm-set245,PM-set245,お正月の集まりに！ねずみ年メッセージマカロン 10個セット(箱入り)お礼・プチギフト,300
u,pm-set246,PM-set246,お正月の集まりに！ねずみ年メッセージマカロン 20個セット(箱入り)お礼・プチギフト,300
u,pm-set247,PM-set247,お正月の集まりに！ねずみ年メッセージマカロン 5個セット(箱入り)お礼・プチギフト,300
u,pm-set248,PM-set248,お正月の集まりに！ねずみ年メッセージマカロン 10個セット(箱入り)お礼・プチギフト,300
u,pm-set249,PM-set249,お正月の集まりに！ねずみ年メッセージマカロン 20個セット(箱入り)お礼・プチギフト,300
u,pm-set25,PM-set25,産休 お菓子 あいさつにメッセージマカロン 20個セット お礼 プチギフト,300
u,pm-set250,PM-set250,お正月の集まりに！ねずみ年メッセージマカロン 5個セット(箱入り)お礼・プチギフト,300
u,pm-set251,PM-set251,お正月の集まりに！ねずみ年メッセージマカロン 10個セット(箱入り)お礼・プチギフト,300
u,pm-set252,PM-set252,お正月の集まりに！ねずみ年メッセージマカロン 20個セット(箱入り)お礼・プチギフト,300
u,pm-set253,PM-set253,お正月の集まりに！ねずみ年メッセージマカロン 5個セット(箱入り)お礼・プチギフト,300
u,pm-set254,PM-set254,お正月の集まりに！ねずみ年メッセージマカロン 10個セット(箱入り)お礼・プチギフト,300
u,pm-set255,PM-set255,お正月の集まりに！ねずみ年メッセージマカロン 20個セット(箱入り)お礼・プチギフト,300
u,pm-set256,PM-set256,産休 ご挨拶 メッセージマカロン 産休を頂きます 5つのフレーバーがおいしい 5個セット スイーツ お菓子,300
u,pm-set257,PM-set257,産休 ご挨拶 メッセージマカロン 産休を頂きます 5つのフレーバーがおいしい 10個セット スイーツ お菓子,300
u,pm-set258,PM-set258,産休 ご挨拶 メッセージマカロン 産休を頂きます 5つのフレーバーがおいしい 20個セット スイーツ お菓子,300
u,pm-set259,PM-set259,産休 ご挨拶 メッセージマカロン 出産準備のためお休みをいただきます 5つのフレーバーがおいしい 5個セット スイーツ お菓子,300
u,pm-set260,PM-set260,産休 ご挨拶 メッセージマカロン 出産準備のためお休みをいただきます 5つのフレーバーがおいしい 10個セット スイーツ お菓子,300
u,pm-set261,PM-set261,産休 ご挨拶 メッセージマカロン 出産準備のためお休みをいただきます 5つのフレーバーがおいしい 20個セット スイーツ お菓子,300
u,pm-set262,PM-set262,産休 お菓子 メッセージマカロン 動物がペコリとごあいさつ 5つのフレーバーがおいしい プリントマカロン 5個セット スイーツ,300
u,pm-set263,PM-set263,産休 お菓子 メッセージマカロン 動物がペコリとごあいさつ 5つのフレーバーがおいしい プリントマカロン 10個セット スイーツ,300
u,pm-set264,PM-set264,産休 お菓子 メッセージマカロン 動物がペコリとごあいさつ 5つのフレーバーがおいしい プリントマカロン 20個セット スイーツ,300
u,pm-set265,PM-set265,産休 お菓子 メッセージマカロン 動物がペコリとごあいさつ Bセット 5つのフレーバーがおいしい プリントマカロン 5個セット スイーツ,300
u,pm-set266,PM-set266,産休 お菓子 メッセージマカロン 動物がペコリとごあいさつ Bセット 5つのフレーバーがおいしい プリントマカロン 10個セット スイーツ,300
u,pm-set267,PM-set267,産休 お菓子 メッセージマカロン 動物がペコリとごあいさつ Bセット 5つのフレーバーがおいしい プリントマカロン 20個セット スイーツ,300
u,pm-set268,PM-set268,産休 お菓子 メッセージマカロン 動物がペコリとごあいさつ Cセット 5つのフレーバーがおいしい プリントマカロン 5個セット スイーツ,300
u,pm-set269,PM-set269,産休 お菓子 メッセージマカロン 動物がペコリとごあいさつ Cセット 5つのフレーバーがおいしい プリントマカロン 10個セット スイーツ,300
u,pm-set27,PM-set27,おいしいスイーツ・敬老の日のメッセージマカロン 5個セット　お祝い・プチギフト,300
u,pm-set270,PM-set270,産休 お菓子 メッセージマカロン 動物がペコリとごあいさつ Cセット 5つのフレーバーがおいしい プリントマカロン 20個セット スイーツ,300
u,pm-set28,PM-set28,おいしいスイーツ・敬老の日のメッセージマカロン 10個セット　お祝い・プチギフト,300
u,pm-set29,PM-set29,ハロウィンパーティーに！メッセージマカロン 5個セット(箱入り)お祝い・プチギフト,300
u,pm-set3,PM-set3,誕生日 お菓子 HappyBirthDay!!メッセージマカロン 5個セット お祝い プチギフト,300
u,pm-set30,PM-set30,ハロウィンパーティーに！プリントマカロン 10個セット(箱入り)お祝い・プチギフト,300
u,pm-set31,PM-set31,七五三のお祝いに！メッセージマカロン 5個セット(箱入り)お礼・プチギフト,300
u,pm-set32,PM-set32,七五三のお祝いに！メッセージマカロン 10個セット(箱入り)お礼・プチギフト,300
u,pm-set33,PM-set33,誕生日 スイーツギフト 大好きな人の誕生日にメッセージマカロン 5個セット(箱入り)お祝い プチギフト インスタ映え,300
u,pm-set35,PM-set35,クリスマスパーティーに！メッセージマカロン 5個セット(箱入り)お礼・プチギフト Xmasお菓子,300
u,pm-set36,PM-set36,クリスマス メッセージマカロン 10個セット(箱入り)お菓子 プチギフト,300
u,pm-set37,PM-set37,お正月の集まりに！メッセージマカロン 5個セット(箱入り)お礼・プチギフト,300
u,pm-set38,PM-set38,お正月の集まりに！メッセージマカロン 10個セット(箱入り)お礼・プチギフト,300
u,pm-set39,PM-set39,お正月の集まりに！おさるのメッセージマカロン 5個セット(箱入り)お礼・プチギフト,300
u,pm-set4,PM-set4,誕生日 お菓子 メッセージマカロン 10個セット(箱入り)お祝い プチギフト,300
u,pm-set40,PM-set40,お正月の集まりに！おさるのメッセージマカロン 10個セット(箱入り)お礼・プチギフト,300
u,pm-set41,PM-set41,退職の挨拶に人気のお菓子 カラフル メッセージマカロン 5個セット プチギフト お世話になりました インスタ映え,300
u,pm-set42,PM-set42,退職の挨拶に人気のお菓子 カラフル メッセージマカロン 10個セット プチギフト お世話になりました インスタ映え,300
u,pm-set43,PM-set43,バレンタインに！メッセージマカロン 5個セット(箱入り)お礼・プチギフト,300
u,pm-set44,PM-set44,バレンタインに！メッセージマカロン 10個セット(箱入り)お礼・プチギフト,300
u,pm-set45,PM-set45,バレンタインに！メッセージマカロンI love YOU 5個セット(箱入り)お礼・プチギフト,300
u,pm-set46,PM-set46,ホワイトデーに！メッセージマカロン 5個セット(箱入り)お礼・プチギフト,300
u,pm-set47,PM-set47,ホワイトデーに！メッセージマカロン 10個セット(箱入り)お礼・プチギフト,300
u,pm-set48,PM-set48,ひな祭りに！メッセージマカロン 5個セット(箱入り)お礼・プチギフト,300
u,pm-set49,PM-set49,ひな祭りに！メッセージマカロン 10個セット(箱入り)お礼・プチギフト,300
u,pm-set5,PM-set5,夏のあいさつに…メッセージマカロン 5個セット(箱入り)お礼・プチギフト,300
u,pm-set50,PM-set50,退職の挨拶に人気のお菓子 カラフル メッセージマカロン 20個セット プチギフト お世話になりました インスタ映え,300
u,pm-set51,PM-set51,退職の挨拶に人気のお菓子 メッセージマカロン 20個セット プチギフト お世話になりました インスタ映え,300
u,pm-set52,PM-set52,ありがとう お菓子 メッセージマカロン 20個セットお礼 プチギフト,300
u,pm-set53,PM-set53,誕生日 スイーツギフト HappyBirthDay!!メッセージマカロン 20個セット お祝い プチギフト インスタ映え,300
u,pm-set54,PM-set54,入学祝 お菓子 メッセージマカロン 5個セット お礼 プチギフト,300
u,pm-set55,PM-set55,祝 ご入学 メッセージマカロン 10個セット　お礼・プチギフト,300
u,pm-set56,PM-set56,祝 ご入学 メッセージマカロン 20個セットお礼・プチギフト,300
u,pm-set57,PM-set57,お疲れ様 メッセージマカロン 5個セット お礼 プチギフト,300
u,pm-set58,PM-set58,お疲れ様でした お菓子 メッセージマカロン 10個セットご挨拶 プチギフト お世話になりました,300
u,pm-set59,PM-set59,転職 退職 お菓子 お礼 お疲れ様でした メッセージマカロン 20個セット ご挨拶 プチギフト お世話になりました,300
u,pm-set6,PM-set6,夏のあいさつに…メッセージマカロン 10個セット(箱入り)お礼・プチギフト,300
u,pm-set60,PM-set60,結婚内祝 お菓子 メッセージマカロン 5個セットお礼 プチギフト,300
u,pm-set61,PM-set61,結婚内祝メッセージマカロン 10個セットお祝いありがとう お礼・プチギフト,300
u,pm-set62,PM-set62,結婚内祝メッセージマカロン 20個セットお祝いありがとう 20個セットお礼・プチギフト,300
u,pm-set63,PM-set63,誕生日内祝メッセージマカロン 5個セットお祝いありがとう お礼・プチギフト,300
u,pm-set64,PM-set64,誕生日内祝メッセージマカロン 10個セットお祝いありがとう お礼・プチギフト,300
u,pm-set65,PM-set65,誕生日内祝メッセージマカロン 20個セットお祝いありがとう お礼・プチギフト,300
u,pm-set66,PM-set66,出産内祝 お菓子 メッセージマカロン 5個セットお礼 プチギフト,300
u,pm-set67,PM-set67,出産内祝メッセージマカロン 10個セットお礼・プチギフト,300
u,pm-set68,PM-set68,出産内祝メッセージマカロン 20個セットお祝いありがとう お礼・プチギフト,300
u,pm-set7,PM-set7,結婚式 プチギフト プリント マカロン 5個セット お礼 プチギフト,300
u,pm-set70,PM-set70,開店祝い お菓子 メッセージマカロン 5個セット(箱入り)お祝い プチギフト,300
u,pm-set71,PM-set71,開店祝い お菓子 メッセージマカロン 10個セット(箱入り)お祝い プチギフト,300
u,pm-set72,PM-set72,母の日 ありがとうメッセージマカロン 5個セットお礼・プチギフト,300
u,pm-set73,PM-set73,母の日 ありがとうメッセージマカロン 10個セットお礼・プチギフト,300
u,pm-set74,PM-set74,母の日 ありがとうメッセージマカロン 20個セットお礼・プチギフト,300
u,pm-set75,PM-set75,母の日 イラストメッセージマカロン 5個セットお礼・プチギフト,300
u,pm-set76,PM-set76,母の日 イラストメッセージマカロン 10個セットお礼・プチギフト,300
u,pm-set77,PM-set77,母の日 イラストメッセージマカロン 20個セットお礼・プチギフト,300
u,pm-set8,PM-set8,おいしいスイーツ・結婚の祝いに！プリント マカロン 10個セット　お礼・プチギフト,300
u,pm-set81,PM-set81,出産祝い お菓子 ひよこメッセージマカロン 5個セット お祝い プチギフト,300
u,pm-set82,PM-set82,出産祝い・ひよこメッセージマカロン 10個セット　お祝い・プチギフト,300
u,pm-set83,PM-set83,出産祝い お菓子 ひよこメッセージマカロン 20個セットお祝いありがとう お礼 プチギフト,300
u,pm-set9,PM-set9,和柄 メッセージマカロン 5個セット お礼 プチギフト インスタ映え,300
u,pm-set90,PM-set90,イラストメッセージマカロン(子どもの日) 5個セットお礼・プチギフト,300
u,pm-set91,PM-set91,イラストメッセージマカロン(子どもの日) 10個セットお礼・プチギフト,300
u,pm-set92,PM-set92,イラストメッセージマカロン(子どもの日) 20個セットお礼・プチギフト,300
u,pm-set93,PM-set93,誕生日 お菓子 HappyBirthDay(お花) メッセージマカロン 5個セット(箱入り)お祝い プチギフト,300
u,pm-set94,PM-set94,誕生日 お菓子 メッセージマカロン 10個セット(箱入り)お祝い プチギフト,300
u,pm-set95,PM-set95,HappyBirthDay(お花)・大好きな人の誕生日にメッセージマカロン 20個セット(箱入り)お祝い・プチギフト,300
u,pm-set96,PM-set96,ありがとう お菓子 メッセージマカロン 5個セットお礼 プチギフト,300
u,pm-set97,PM-set97,ありがとう お菓子 メッセージマカロン 10個セットお礼 プチギフト,300
u,pm-set98,PM-set98,ありがとう お菓子 メッセージマカロン 20個セットご挨拶 プチギフト お世話になりました,300
u,pm-set99,pm-set99,FATHER'S DAY・父の日メッセージマカロン5個セット(箱入り)お祝い・プチギフト,300
u,pmr-1,pmr-1,ハロウィン プレゼント スイーツ ハロウィン限定メッセージプリントマカロンロールケーキ 送料無料,50
u,prc-h,prc-h,内祝いに名入れプリントマカロンロールケーキハーフサイズ 8cm ギフト 出産内祝い 結婚内祝い 送料無料,50
u,prc-h-set12,prc-h-set12,【12箱セット】内祝いに名入れプリントマカロンロールケーキハーフサイズ 8cm まとめ買いセット ギフト 出産内祝い 結婚内祝い 送料無料,20
u,prc-h-set3,prc-h-set3,【3箱セット】内祝い名入れプリントマカロンロールケーキハーフサイズ(8cm)まとめ買い ギフト 出産内祝い 結婚内祝い 送料無料,20
u,prc-h-set6,prc-h-set6,【6箱セット】内祝いに名入れプリントマカロンロールケーキハーフサイズ(8cm) まとめ買いセット ギフト 出産内祝い 結婚内祝い 送料無料,20
u,prc-h-set9,prc-h-set9,【9箱セット】内祝いに名入れプリントマカロンロールケーキハーフサイズ 8cmまとめ買いセット ギフト 出産内祝い 結婚内祝い 送料無料,20
u,prc-l,prc-l,内祝いに名入れプリントロールケーキロングサイズ(16.5cm) 名入れギフト 出産内祝い 結婚内祝い 送料無料 フォチェッタ,20
u,prc-l-set12,prc-l-set12,【12箱セット】内祝いに名入れプリントロールケーキロングサイズ(16.5cm)  ギフト 出産内祝い 結婚内祝い 送料無料,20
u,prc-l-set3,prc-l-set3,【9箱セット】内祝いに名入れプリントロールケーキロングサイズ(16.5cm) まとめ買いセット ギフト 出産内祝い 結婚内祝い 送料無料,20
u,prc-l-set6,prc-l-set6,【6箱セット】内祝いに名入れプリントロールケーキロングサイズ(16.5cm) まとめ買いセット ギフト 出産内祝い 結婚内祝い 送料無料,20
u,prc-l-set9,prc-l-set9,【９箱セット】内祝いに名入れプリントロールケーキロングサイズ(16.5cm) 名入れギフト 出産内祝い 結婚内祝い 送料無料,20
u,prc-r,prc-r,内祝い名入れプリントロールケーキレギュラ 紅白 ギフト 出産内祝い 結婚内祝い 送料無料,20
u,prc-r-set12,prc-r-set12,【12箱セット】内祝いに名入れプリントロールケーキレギュラーサイズ(5.5cm) まとめ買いセット 名入れギフト 出産内祝い 結婚内祝い 送料無料,20
u,prc-r-set3,prc-r-set3,【3箱セット】内祝いに名入れプリントロールケーキレギュラーサイズ(5.5cm) まとめ買いセット ギフト 出産内祝い 結婚内祝い 送料無料,20
u,prc-r-set6,prc-r-set6,【6箱セット】内祝いに名入れプリントロールケーキレギュラーサイズ(5.5cm)まとめ買いセット ギフト 出産内祝い 結婚内祝い 送料無料,20
u,prc-r-set9,prc-r-set9,【9箱セット】内祝いに名入れプリントロールケーキレギュラーサイズ(5.5cm)まとめ買いセット ギフト 出産内祝い 結婚内祝い 送料無料,20
u,rc-locabo,rc-locabo,お中元 低糖質 レアチーズケーキ 4号 12cm (2〜4名様) 糖質1カット1.6g 糖質ダイエット 糖質制限 スイーツ 内祝 お祝 お歳暮 ギフト 送料無料 人気のお取り寄せ お菓子 誕生日 プレゼント フォチェッタ,20
u,rc-locabo-2,rc-locabo-2,バレンタイン  ケーキ【2箱まとめ買い18％OFF】低糖質  レアチーズケーキ 4号 12cm (2〜4名様) 糖質1カット1.6g  糖質ダイエット 糖質制限 スイーツ 内祝い お歳暮 ギフト 誕生日 プレゼント お菓子 フォチェッタ,10
u,rc-locabo-3,rc-locabo-3,【3箱まとめ買い24％OFF】お中元 ギフト 低糖質 スイーツ レアチーズケーキ 4号 12cm (2〜4名様) 糖質1カット1.6g プレゼント スイーツ 内祝 お祝 送料無料 人気のお取り寄せ お歳暮 お菓子 フォチェッタ,5
u,rc-locabo-4,rc-locabo-4,【4箱まとめ買い25％OFF】低糖質 スイーツ レアチーズケーキ 4号 12cm (2〜4名様) 糖質1カット1.6g プレゼント スイーツ バレンタイン xmas 内祝 お祝 お歳暮 ギフト 送料無料 人気のお取り寄せ お菓子 フォチェッタ,5
u,rc-locabo-5,rc-locabo-5,【5箱まとめ買い25％OFF】お中元 ギフト 低糖質 スイーツ レアチーズケーキ 4号 12cm (2〜4名様) 糖質1カット1.6g プレゼント スイーツ  内祝 お祝 送料無料 人気のお取り寄せ お歳暮 お菓子 フォチェッタ,5
u,rc-locabo-6,rc-locabo-6,【6箱まとめ買い26％OFF】低糖質 スイーツ レアチーズケーキ 4号 12cm (2〜4名様) 糖質1カット1.6g バレンタイン xmas プレゼント スイーツ 内祝 お祝 お歳暮 ギフト 送料無料 人気のお取り寄せ お菓子 フォチェッタ,5
u,rc-locabo5,rc-locabo5,お中元 低糖質 スイーツ レアチーズケーキ 5号 15cm (4〜5名様) 糖質1カット2.8g プレゼント バレンタイン xmas 内祝 お祝 お歳暮 ギフト 送料無料 人気のお取り寄せ お菓子 フォチェッタ,20
u,rc-locabo5-2,rc-locabo5-2,お中元【2箱まとめ買い17％OFF】低糖質 スイーツ レアチーズケーキ 5号 15cm (4〜5名様) 糖質1カット2.8g プレゼント スイーツ バレンタイン xmas 内祝 お祝 お歳暮 ギフト 送料無料 人気のお取り寄せ お菓子 フォチェッタ,10
u,rc-locabo5-3,rc-locabo5-3,【3箱まとめ買い22％OFF】低糖質 スイーツ レアチーズケーキ 5号 15cm (4〜5名様) 糖質1カット2.8g プレゼント スイーツ 母の日 内祝 お祝 お歳暮 ギフト 送料無料 人気のお取り寄せ お菓子 フォチェッタ,5
u,rikyu-birthday,rikyu-birthday,天空のチーズケーキ利休バースデー 5号サイズ スフレ チーズケーキ  人気のお取り寄せ スイーツ 誕生日 プレゼント ランキング上位 送料無料 お菓子 フォチェッタ,100
u,roll-set,roll-set,お中元 ケーキ プレゼント スイーツ 天空のロールケーキ金時・天空のロールケーキ緑餡 2本セット 鳴門金時生クリーム こしあん生クリーム 抹茶 乳酸菌配合 送料無料 人気のお取り寄せ ギフト お菓子 フォチェッタ,5
u,roll-set-half,roll-set-half,お中元 ケーキ プレゼント スイーツ 天空のロールケーキ金時・天空のロールケーキ緑餡 ハーフサイズ2本セット 鳴門金時生クリーム こしあん生クリーム 抹茶 乳酸菌配合 送料無料 人気のお取り寄せ お菓子,5
u,setoron,setoron,お中元 ケーキ ギフト 天空のロールケーキ 瀬戸 瀬戸内レモン×ロールケーキ スイーツ ギフト 贈り物 お取り寄せ お菓子 ふんわり 絶品 乳酸菌 フォチェッタ,20
u,setoron2,setoron2,お中元 お菓子 【お得な2箱セット】人気のお取り寄せ 天空のロールケーキ 瀬戸内レモン スイーツ ギフト 贈り物 誕生日 送料無料 フォチェッタ,10
u,setoron3,setoron3,お中元 ケーキ 人気のお取り寄せ 天空のロールケーキ 3本セット 瀬戸内レモン スイーツ ギフト 贈り物 乳酸菌,5
u,souffle-assoeted-set,souffle-assoeted-set,天空のチーズケーキ・天空のプリンセット詰合せ　送料無料 お菓子 フォチェッタ,50
u,souffle-birthday,souffle-birthday,天空のチーズケーキバースデー 5号サイズ スフレ チーズケーキ  人気のお取り寄せ スイーツ 誕生日 プレゼント ランキング上位 送料無料 お菓子 フォチェッタ,100
u,souffle-chiboust,souffle-chiboust,お中元 ケーキ 天空のチーズケーキ スフレ チーズケーキ  人気のお取り寄せ スイーツ  ギフト 誕生日 プレゼント ランキング上位 送料無料 お菓子 フォチェッタ,180
u,souffle-chiboust2,souffle-chiboust2,送料無料 お中元【お得な2箱セット】 天空のチーズケーキ ふわふわレモンスフレとひんやり濃厚シブーストのふわとろ食感フロマージュ スフレ  人気のお取り寄せ スイーツ ギフト  誕生日 プレゼント お菓子,30
u,souffle-chiboust3,souffle-chiboust3,お中元 ケーキ 【3箱まとめ買い20％OFF】 天空のチーズケーキ ふわふわレモンスフレとひんやり濃厚シブーストのふわとろ食感フロマージュ 人気のお取り寄せ スイーツ お歳暮 ギフト 送料無料 誕生日 プレゼント お菓子 フォチェッタ,20
u,souffle-chiboust4,souffle-chiboust4,お中元 ケーキ 【4箱まとめ買い24％OFF】人気の天空のチーズケーキ ふわふわレモンスフレとひんやり濃厚シブーストのふわとろ食感フロマージュ スフレチーズケーキ キャラメリゼ 送料無料 プレゼント スイーツ お歳暮 ギフト お菓子 フォチェッタ,10
u,souffle-rikyu,souffle-rikyu,お中元 ケーキ 天空のチーズケーキ第2弾 利休(抹茶) スフレ チーズケーキ 人気のお取り寄せ スイーツ お ギフト 誕生日 プレゼント 送料無料 フォチェッタ,150
u,souffle-rikyu-2,souffle-rikyu-2,お中元 ケーキ 【2箱まとめ買い15％OFF】 天空のチーズケーキ第2弾 利休 送料無料 人気のお取り寄せ スイーツ お歳暮 ギフト 誕生日 プレゼント お菓子 抹茶 スフレチーズケーキ フォチェッタ,30
u,souffle-rikyu-3,souffle-rikyu-3,お中元 ケーキ 【3箱まとめ買い22％OFF】 天空のチーズケーキ第2弾 利休 送料無料 人気のお取り寄せ スイーツ お歳暮 ギフト 誕生日 プレゼント お菓子 抹茶 スフレチーズケーキ フォチェッタ,20
u,souffle-rikyu-4,souffle-rikyu-4,お中元 ケーキ 【4箱まとめ買い26％OFF】 天空のチーズケーキ第2弾 利休 送料無料 人気のお取り寄せ スイーツ お歳暮 ギフト 誕生日 プレゼント お菓子 抹茶 スフレチーズケーキ フォチェッタ,10
u,souffle-set,souffle-set,天空のチーズケーキ食べ比べセット（プレーン・抹茶）,50
u,tenku-baked4,tenku-baked4,お中元 ケーキ 天空のベイクドチーズケーキ 4号 送料無料 ひんやり濃厚レモンスフレフロマージュ 人気のお取り寄せ スイーツ ギフト 誕生日 プレゼント お菓子 フォチェッタ,30
u,tenku-baked4-2,tenku-baked4-2,お中元 ケーキ 【2箱まとめ買い12％OFF】 天空のベイクドチーズケーキ 4号 送料無料 ひんやり濃厚レモンスフレフロマージュ 人気のお取り寄せ プレゼント お菓子 ギフト フォチェッタ,20
u,tenku-baked4-3,tenku-baked4-3,お中元 ケーキ 【3箱まとめ買い18％OFF】 天空のベイクドチーズケーキ 4号 送料無料 ひんやり濃厚レモンスフレフロマージュ 人気のお取り寄せ スイーツ ギフト プレゼント お菓子 フォチェッタ,10
u,tenku-baked5,tenku-baked5,お中元 ケーキ 天空のベイクドチーズケーキ 5号 送料無料 ひんやり濃厚レモンスフレフロマージュ 人気のお取り寄せ スイーツ ギフト 誕生日 プレゼント お菓子 フォチェッタ,20
u,tenku-baked5-2,tenku-baked5-2,お中元 ケーキ 【2箱まとめ買い10％OFF】 天空のベイクドチーズケーキ 5号 送料無料 ひんやり濃厚レモンスフレフロマージュ 人気のお取り寄せ スイーツ ギフト プレゼント お菓子 フォチェッタ,10
u,tenku-baked5-3,tenku-baked5-3,お中元 お菓子 【3箱まとめ買い16％OFF】 天空のベイクドチーズケーキ 5号 送料無料 ひんやり濃厚レモンスフレフロマージュ 人気のお取り寄せ スイーツ プレゼント ギフト フォチェッタ,5
u,tenku-fondant3,tenku-fondant3,【日経新聞 ７位受賞】お中元 ケーキ とろけるフォンダンショコラ3号 送料無料 お菓子 スイーツ 内祝い ギフト 誕生日 プレゼント,30
u,tenku-fondant4,tenku-fondant4,お中元 とろけるフォンダンショコラ4号 送料無料 お菓子 スイーツ 内祝い ギフト 誕生日 プレゼント,20
u,tenku-pudding,tenku-pudding,お中元 お菓子 天空のプリン雅 5個入り 濃厚な最高級プリンとして人気のお取寄せスイーツ  ギフト 誕生日 プレゼント 送料無料 フォチェッタ,180
u,tenku-pudding-assorted,tenku-pudding-assorted,お中元 お菓子 天空のプリン アソート ランキング上位 人気のお取り寄せ スイーツ   ギフト 送料無料 誕生日 プレゼント フォチェッタ,180
u,tenku-pudding-assorted2,tenku-pudding-assorted2,【お得な2箱セット】お中元 お菓子 ギフト 天空のプリン アソート 人気のお取り寄せ プリン ランキング上位プリンです 送料無料 スイーツ フォチェッタ,20
u,tenku-pudding-assorted3,tenku-pudding-assorted3,お中元 お菓子 【お得な3箱セット】 天空のプリン アソート 人気のお取り寄せ  ギフト プリン ランキング上位プリンです 送料無料 スイーツ フォチェッタ,10
u,tenku-pudding-hojun,tenku-pudding-hojun,お中元 お菓子 天空のプリン芳醇 5個入り 宇治抹茶が人気のお取り寄せプリンです お菓子 スイーツ プレゼント 誕生日 送料無料 お歳暮 ギフト フォチェッタ,180
u,tenku-pudding-hojun2,tenku-pudding-hojun2,お中元 お菓子 【お得な2箱セット】 天空のプリン芳醇 5個入り 宇治抹茶 お菓子 人気のお取り寄せ スイーツ プレゼント 誕生日 お歳暮 ギフト 送料無料 フォチェッタ,20
u,tenku-pudding-hojun3,tenku-pudding-hojun3,お中元 お菓子 【お得な3箱セット】 天空のプリン芳醇 5個入り 宇治抹茶が人気のお取り寄せプリンです お菓子 スイーツ プレゼント 誕生日 お歳暮 ギフト 送料無料 フォチェッタ,10
u,tenku-pudding-kirameki,tenku-pudding-kirameki,お中元 お菓子 天空のプリン煌 5個入り 宮古島雪塩  誕生日 プレゼント 高級 お歳暮 ギフト 金箔 人気のお取り寄せ スイーツ プレゼント 送料無料 フォチェッタ,180
u,tenku-pudding-kirameki02,tenku-pudding-kirameki02,お中元 お菓子 【お得な3箱セット】 天空のプリン煌 5個入り 北海道産生クリームと宮古島雪塩が絶品の人気のお取り寄せプリンです スイーツ プレゼント 誕生日 ギフト 送料無料 フォチェッタ,20
u,tenku-pudding-kirameki03,tenku-pudding-kirameki03,お中元 お菓子 【お得な3箱セット】 天空のプリン煌 5個入り  宮古島雪塩 お菓子 人気のお取り寄せ スイーツ プレゼント 誕生日 お歳暮 ギフト 送料無料 フォチェッタ,10
u,tenku-pudding-mange,tenku-pudding-mange,お中元 お菓子 天空のプリン芒果(マンゴー) 5個入り  人気のお取り寄せ スイーツ 送料無料 誕生日 プレゼント 高級 お歳暮 ギフト 金箔 フォチェッタ,180
u,tenku-pudding-mange2,tenku-pudding-mange2,お中元 お菓子 【お得な2箱セット】 天空のプリン芒果(マンゴー) 5個入り お菓子 人気のお取り寄せ スイーツ プレゼント 誕生日 送料無料 お歳暮 ギフト フォチェッタ,20
u,tenku-pudding-mange3,tenku-pudding-mange3,【お得な3箱セット】お中元 お菓子 天空プリン芒果(マンゴー) 5個入り  マンゴー 人気のお取り寄せ スイーツ お歳暮 ギフト プレゼント 誕生日 送料無料 フォチェッタ,10
u,tenku-pudding-syouka,tenku-pudding-syouka,お中元 お菓子 天空プリン漿果(ベリー) 5個入り ラズベリー 高級 プリン  ギフト 人気のお取り寄せ スイーツ 誕生日 プレゼント 送料無料 フォチェッタ,180
u,tenku-pudding-syouka2,tenku-pudding-syouka2,お中元 お菓子 【お得な2箱セット】 天空のプリン漿果(ベリー) 5個入り ラズベリー プリン 人気のお取り寄せ スイーツ 誕生日 プレゼント 送料無料 お歳暮 ギフト フォチェッタ,20
u,tenku-pudding-syouka3,tenku-pudding-syouka3,お中元 お菓子 【お得な3箱セット】 天空のプリン漿果(ベリー) 5個入り ラズベリー 高級 プリン 人気のお取り寄せ スイーツ 誕生日 プレゼント 送料無料  ギフト フォチェッタ,10
u,tenku-pudding2,tenku-pudding2,お中元 お菓子 【お得な2箱セット】 天空のプリン雅 5個入り 濃厚な最高級プリンのお取り寄せ スイーツ 誕生日 プレゼント 送料無料 お歳暮 ギフト フォチェッタ,20
u,tenku-pudding3,tenku-pudding3,お中元 お菓子 【お得な3箱セット】 天空のプリン雅 5個入り 北海道産生クリーム お菓子 人気のお取り寄せ スイーツ プレゼント 誕生日 お歳暮 ギフト 送料無料 フォチェッタ,10
u,tenku-strawberry-roll,tenku-strawberry-roll,お中元 大粒完熟いちご 天空のふわふわロールケーキ フルーツたっぷりの人気のお取り寄せスイーツ 送料無料 プレゼント ギフト お菓子 フォチェッタ,100
u,tenkurole-daigo1,tenkurole-daigo1,お中元 ケーキ ギフト グルテンフリー 天空のロールケーキ 醍醐 米粉100％ 小麦粉不使用 シールド乳酸菌 送料無料 人気のお取り寄せ スイーツ プレゼント お菓子 フォチェッタ,20
u,tenkurole-daigo2,tenkurole-daigo2,お中元 ケーキ ギフト 【2箱まとめ買い15％OFF】 グルテンフリー 天空のロールケーキ 醍醐 米粉100％ 小麦粉不使用 シールド乳酸菌  送料無料 人気のお取り寄せ スイーツ プレゼント お菓子 フォチェッタ,10
u,tenkurole-daigo3,tenkurole-daigo3,お中元 ケーキ ギフト 【3箱まとめ買い20％OFF】 グルテンフリー 天空のロールケーキ 醍醐 米粉100％ 小麦粉不使用 シールド乳酸菌 送料無料 人気のお取り寄せ スイーツ プレゼント お菓子 フォチェッタ,5
